Plot No.,Tag No.,2023 Height (cm),2025 Height (cm),Growth Rate(cm/yr),Diameter (mm),Damage status,Fresh or Old,Damage tye,Damage height (cm),Damager,Ants,Comments,2023 Height (cm)_num,2025 Height (cm)_num,Growth Rate(cm/yr)_num,Damage height (cm)_num,Diameter (mm)_num,Damager_clean,Ants_clean,Damage status_clean,status_2023_clean,status_2025_clean
Plot 49,P49-01,406,339,-67.0,110,Yes,Old,SBB,184,Elephant,"AB,TP",,406.0,339.0,-67.0,184.0,110.0,Elephant,"AB, TP",Yes,alive,alive
Plot 49,P49-02,307,325,18.0,90,Yes,Old,TSO,30,Giraffe,RRB,,307.0,325.0,18.0,30.0,90.0,Giraffe,RRB,Yes,alive,alive
Plot 49,P49-03,138,158,20.0,50,Yes,Old,MSB,158,Elephant,BBR,,138.0,158.0,20.0,158.0,50.0,Elephant,BBR,Yes,alive,alive
Plot 49,P49-04,160,156,-4.0,40,Yes,Old,TSO,13,Rhino,BBR,,160.0,156.0,-4.0,13.0,40.0,Rhino,BBR,Yes,alive,alive
Plot 49,P49-05,103,167,64.0,40,Yes,Old,MSB,90,Elephant,BBR,,103.0,167.0,64.0,90.0,40.0,Elephant,BBR,Yes,alive,alive
Plot 49,P49-06,152,156,4.0,40,Yes,Old,SBB,45,Rhino,BBR,,152.0,156.0,4.0,45.0,40.0,Rhino,BBR,Yes,alive,alive
Plot 49,P49-07,28,54,26.0,20,Yes,Old,MSB,24,Rhino,AB,,28.0,54.0,26.0,24.0,20.0,Rhino,AB,Yes,alive,alive
Plot 49,P49-08,184,22,-162.0,50,Yes,Old,TSO,167,Giraffe,BBR,,184.0,22.0,-162.0,167.0,50.0,Giraffe,BBR,Yes,alive,alive
Plot 49,P49-09,143,160,17.0,50,Yes,Old,SBB,14,Rhino,TP,,143.0,160.0,17.0,14.0,50.0,Rhino,TP,Yes,alive,alive
Plot 49,P49-10,210,243,33.0,50,Yes,New,SBB,194,Giraffe,AB,,210.0,243.0,33.0,194.0,50.0,Giraffe,AB,Yes,alive,alive
Plot 49,P49-11,249,258,9.0,50,Yes,Old,SBB,228,Elephant,CMP,,249.0,258.0,9.0,228.0,50.0,Elephant,CMP,Yes,alive,alive
Plot 49,P49-12,64,,-64.0,50,,,,,,,Tag missing,64.0,,-64.0,,50.0,,,,alive,missing
Plot 49,P49-13,234,226,-8.0,50,Yes,Old,TSO,194,Giraffe,BBR,,234.0,226.0,-8.0,194.0,50.0,Giraffe,BBR,Yes,alive,alive
Plot 49,P49-14,182,217,35.0,40,Yes,New,MSB,19,Elephant,BBR,,182.0,217.0,35.0,19.0,40.0,Elephant,BBR,Yes,alive,alive
Plot 49,P49-15,90,98,8.0,40,Yes,Old,MSB,89,Elephant,BBR,,90.0,98.0,8.0,89.0,40.0,Elephant,BBR,Yes,alive,alive
Plot 49,P49-16,138,151,13.0,50,Yes,New,MSB,86,Elephant,BBR,,138.0,151.0,13.0,86.0,50.0,Elephant,BBR,Yes,alive,alive
Plot 49,P49-17,135,135,0.0,30,Yes,Old,SBB,16,Rhino,BBR,,135.0,135.0,0.0,16.0,30.0,Rhino,BBR,Yes,alive,alive
Plot 49,P49-18,154,166,12.0,40,Yes,Old,TSO,142,Giraffe,AB,,154.0,166.0,12.0,142.0,40.0,Giraffe,AB,Yes,alive,alive
Plot 49,P49-19,169,154,-15.0,50,Yes,New,MSB,154,Elephant,AB,,169.0,154.0,-15.0,154.0,50.0,Elephant,AB,Yes,alive,alive
Plot 49,P49-20,164,148,-16.0,40,Yes,Old,MSB,148,Natural,AB,Bearing 245,164.0,148.0,-16.0,148.0,40.0,Drought/Natural,AB,Yes,alive,alive
Plot 49,P49-21,185,185,0.0,30,Yes,Old,SBB,110,Rhino,BBR,,185.0,185.0,0.0,110.0,30.0,Rhino,BBR,Yes,alive,alive
Plot 49,P49-22,157,155,-2.0,30,Yes,New,SBB,112,Rhino,BBR,,157.0,155.0,-2.0,112.0,30.0,Rhino,BBR,Yes,alive,alive
Plot 49,P49-23,55,32,-23.0,30,Yes,Old,MSB,26,Rhino,,,55.0,32.0,-23.0,26.0,30.0,Rhino,,Yes,alive,alive
Plot 49,P49-24,145,139,-6.0,30,Yes,New,MSB,93,Elephant,BBR,,145.0,139.0,-6.0,93.0,30.0,Elephant,BBR,Yes,alive,alive
Plot 49,P49-25,147,14,-133.0,30,Yes,Old,SBB,12,Rhino,AB,,147.0,14.0,-133.0,12.0,30.0,Rhino,AB,Yes,alive,alive
Plot 49,P49-26,170,156,-14.0,50,Yes,New,SBB,156,Giraffe,AB,,170.0,156.0,-14.0,156.0,50.0,Giraffe,AB,Yes,alive,alive
Plot 49,P49-27,215,22,-193.0,80,Yes,Old,TSO,165,Giraffe,"TP,AB",,215.0,22.0,-193.0,165.0,80.0,Giraffe,"TP, AB",Yes,alive,alive
Plot 49,P49-28,234,254,20.0,80,Yes,New,MSB,231,Elephant,"AB,CMP",,234.0,254.0,20.0,231.0,80.0,Elephant,"AB, CMP",Yes,alive,alive
Plot 49,P49-29,220,24,-196.0,50,Yes,Old,TSO,19,Giraffe,BBR,,220.0,24.0,-196.0,19.0,50.0,Giraffe,BBR,Yes,alive,alive
Plot 49,P49-30,200,196,-4.0,40,Yes,Old,SBB,167,Giraffe,AB,,200.0,196.0,-4.0,167.0,40.0,Giraffe,AB,Yes,alive,alive
Plot 49,P49-31,160,191,31.0,30,Yes,New,SBB,161,Elephant,"TP,AB",,160.0,191.0,31.0,161.0,30.0,Elephant,"TP, AB",Yes,alive,alive
Plot 49,P49-32,203,195,-8.0,50,Yes,Old,SBB,185,Giraffe,TP,,203.0,195.0,-8.0,185.0,50.0,Giraffe,TP,Yes,alive,alive
Plot 49,P49-33,141,145,4.0,30,Yes,Old,SBB,13,Rhino,"CMP,TP",,141.0,145.0,4.0,13.0,30.0,Rhino,"CMP, TP",Yes,alive,alive
Plot 49,P49-34,136,149,13.0,50,Yes,New,TSO,149,Giraffe,"CMP,TP",,136.0,149.0,13.0,149.0,50.0,Giraffe,"CMP, TP",Yes,alive,alive
Plot 49,P49-35,216,216,0.0,70,Yes,Old,MSB,205,Elephant,AB,,216.0,216.0,0.0,205.0,70.0,Elephant,AB,Yes,alive,alive
Plot 49,P49-36,189,,-189.0,,,,SBB,,,,"Dead, Tag found",189.0,,-189.0,,,,,,alive,dead
Plot 49,P49-37,203,118,-85.0,40,Yes,Old,MSB,90,Elephant,BBR,,203.0,118.0,-85.0,90.0,40.0,Elephant,BBR,Yes,alive,alive
Plot 49,P49-38,170,185,15.0,50,Yes,New,TSO,185,Giraffe,RRB,,170.0,185.0,15.0,185.0,50.0,Giraffe,RRB,Yes,alive,alive
Plot 49,P49-39,100,102,2.0,40,Yes,Old,MSB,102,Elephant,,,100.0,102.0,2.0,102.0,40.0,Elephant,,Yes,alive,alive
Plot 49,P49-40,84,90,6.0,30,Yes,Old,TSO,90,Rhino,BBR,,84.0,90.0,6.0,90.0,30.0,Rhino,BBR,Yes,alive,alive
Plot 49,P49-41,188,182,-6.0,60,Yes,New,SBB,102,Natural,BBR,,188.0,182.0,-6.0,102.0,60.0,Drought/Natural,BBR,Yes,alive,alive
Plot 49,P49-42,150,169,19.0,40,Yes,Old,SBB,146,Giraffe,BBR,,150.0,169.0,19.0,146.0,40.0,Giraffe,BBR,Yes,alive,alive
Plot 49,P49-43,136,134,-2.0,50,Yes,Old,SBB,45,Rhino,BBR,,136.0,134.0,-2.0,45.0,50.0,Rhino,BBR,Yes,alive,alive
Plot 49,P49-44,253,28,-225.0,70,Yes,Old,TSO,26,Giraffe,RRB,,253.0,28.0,-225.0,26.0,70.0,Giraffe,RRB,Yes,alive,alive
Plot 49,P49-45,211,248,37.0,60,Yes,New,TSO,212,Giraffe,RRB,,211.0,248.0,37.0,212.0,60.0,Giraffe,RRB,Yes,alive,alive
Plot 49,P49-46,234,256,22.0,70,Yes,New,SBB,22,Elephant,BBR,,234.0,256.0,22.0,22.0,70.0,Elephant,BBR,Yes,alive,alive
Plot 49,P49-47,210,22,-188.0,60,Yes,New,MSB,118,Elephant,RRB,,210.0,22.0,-188.0,118.0,60.0,Elephant,RRB,Yes,alive,alive
Plot 49,P49-48,167,167,0.0,50,Yes,Old,SBB,85,Rhino,BBR,,167.0,167.0,0.0,85.0,50.0,Rhino,BBR,Yes,alive,alive
Plot 49,P49-49,120,104,-16.0,40,Yes,Old,TSO,104,Rhino,BBR,,120.0,104.0,-16.0,104.0,40.0,Rhino,BBR,Yes,alive,alive
Plot 49,P49-50,150,16,-134.0,40,Yes,New,TSO,14,Giraffe,BBR,,150.0,16.0,-134.0,14.0,40.0,Giraffe,BBR,Yes,alive,alive
Plot 50,P50-01,174,175,1.0,70,Yes,Old,MSB,175,Elephant,,Tag missing drying up,174.0,175.0,1.0,175.0,70.0,Elephant,,Yes,alive,missing
Plot 50,P50-02,91,91,0.0,40,Yes,New,MSB,91,Elephant,,Tag missing,91.0,91.0,0.0,91.0,40.0,Elephant,,Yes,alive,missing
Plot 50,P50-03,57,43,-14.0,40,Yes,Old,MSB,43,Elephant,,,57.0,43.0,-14.0,43.0,40.0,Elephant,,Yes,alive,alive
Plot 50,P50-04,14,39,25.0,3,Yes,New,MSB,12,Elephant,,,14.0,39.0,25.0,12.0,3.0,Elephant,,Yes,alive,alive
Plot 50,P50-05,45,43,-2.0,30,Yes,Old,MSB,43,Elephant,,,45.0,43.0,-2.0,43.0,30.0,Elephant,,Yes,alive,alive
Plot 50,P50-06,95,,-95.0,,,,,,,,Dead Tag found,95.0,,-95.0,,,,,,alive,dead
Plot 50,P50-07,12,,-12.0,,,,,,,,,12.0,,-12.0,,,,,,alive,nan
Plot 50,P50-08,188,188,0.0,40,Yes,Old,SBB,162,Elephant,RRB,,188.0,188.0,0.0,162.0,40.0,Elephant,RRB,Yes,alive,alive
Plot 50,P50-09,230,221,-9.0,60,Yes,Old,MSB,221,Natural,,Drying up,230.0,221.0,-9.0,221.0,60.0,Drought/Natural,,Yes,alive,alive
Plot 50,P50-10,11,19,8.0,2,No,Old,,,,,Bearing 190,11.0,19.0,8.0,,2.0,,,No,alive,alive
Plot 50,P50-11,142,100,-42.0,40,Yes,Old,MSB,100,Elephant,,,142.0,100.0,-42.0,100.0,40.0,Elephant,,Yes,alive,alive
Plot 50,P50-12,144,101,-43.0,30,Yes,New,MSB,101,Elephant,,,144.0,101.0,-43.0,101.0,30.0,Elephant,,Yes,alive,alive
Plot 50,P50-13,174,,-174.0,,,,,,,,Dead Tag found,174.0,,-174.0,,,,,,alive,dead
Plot 50,P50-14,225,241,16.0,60,Yes,Old,SBB,210,Elephant,RRB,,225.0,241.0,16.0,210.0,60.0,Elephant,RRB,Yes,alive,alive
Plot 50,P50-15,113,105,-8.0,70,Yes,Old,MSB,105,Elephant,BHA,"Bearing 220, Dry",113.0,105.0,-8.0,105.0,70.0,Elephant,BHA,Yes,alive,alive
Plot 50,P50-16,205,207,2.0,60,Yes,New,SBB,164,Elephant,TP,,205.0,207.0,2.0,164.0,60.0,Elephant,TP,Yes,alive,alive
Plot 50,P50-17,176,166,-10.0,50,Yes,Old,SBB,166,Elephant,,,176.0,166.0,-10.0,166.0,50.0,Elephant,,Yes,alive,alive
Plot 50,P50-18,292,281,-11.0,90,Yes,Old,SBB,175,Elephant,RRB,,292.0,281.0,-11.0,175.0,90.0,Elephant,RRB,Yes,alive,alive
Plot 50,P50-19,153,163,10.0,30,Yes,New,SBB,96,Elephant,RRB,,153.0,163.0,10.0,96.0,30.0,Elephant,RRB,Yes,alive,alive
Plot 50,P50-20,28,14,-14.0,3,Yes,Old,MSB,14,Rhino,,,28.0,14.0,-14.0,14.0,3.0,Rhino,,Yes,alive,alive
Plot 50,P50-21,103,74,-29.0,,Yes,Old,SBB,,Elephant,,"Bearing 264, base broken",103.0,74.0,-29.0,,,Elephant,,Yes,alive,alive
Plot 50,P50-22,159,151,-8.0,30,Yes,New,TSO,117,Giraffe,AB,,159.0,151.0,-8.0,117.0,30.0,Giraffe,AB,Yes,alive,alive
Plot 50,P50-23,168,,-168.0,,,,,,,,Dead Tag found,168.0,,-168.0,,,,,,alive,dead
Plot 50,P50-24,64,,-64.0,,,,,,,,Dead Tag found,64.0,,-64.0,,,,,,alive,dead
Plot 50,P50-25,82,80,-2.0,30,Yes,Old,MSB,80,Elephant,,,82.0,80.0,-2.0,80.0,30.0,Elephant,,Yes,alive,alive
Plot 50,P50-26,168,164,-4.0,30,Yes,Old,SBB,120,Elephant,TP,,168.0,164.0,-4.0,120.0,30.0,Elephant,TP,Yes,alive,alive
Plot 50,P50-27,204,204,0.0,70,Yes,Old,MSB,147,Elephant,,,204.0,204.0,0.0,147.0,70.0,Elephant,,Yes,alive,alive
Plot 50,P50-28,95,98,3.0,30,Yes,Old,TSO,98,Elephant,TP,,95.0,98.0,3.0,98.0,30.0,Elephant,TP,Yes,alive,alive
Plot 50,P50-29,130,133,3.0,30,Yes,Old,SBB,108,Elephant,"CMP,RRB",,130.0,133.0,3.0,108.0,30.0,Elephant,"CMP, RRB",Yes,alive,alive
Plot 50,P50-30,223,254,31.0,50,Yes,Old,SBB,136,Elephant,RRB,,223.0,254.0,31.0,136.0,50.0,Elephant,RRB,Yes,alive,alive
Plot 50,P50-31,154,173,19.0,30,Yes,Old,TSO,103,Giraffe,BBR,,154.0,173.0,19.0,103.0,30.0,Giraffe,BBR,Yes,alive,alive
Plot 50,P50-32,136,174,38.0,20,Yes,Old,TSO,89,Giraffe,BBR,,136.0,174.0,38.0,89.0,20.0,Giraffe,BBR,Yes,alive,alive
Plot 50,P50-33,85,95,10.0,40,Yes,Old,MSB,84,Elephant,,,85.0,95.0,10.0,84.0,40.0,Elephant,,Yes,alive,alive
Plot 50,P50-34,19,18,-1.0,60,Yes,Old,MSB,18,,,,19.0,18.0,-1.0,18.0,60.0,,,Yes,alive,alive
Plot 50,P50-35,148,139,-9.0,40,Yes,Old,SBB,100,Bufallo,RRB,,148.0,139.0,-9.0,100.0,40.0,Other,RRB,Yes,alive,alive
Plot 50,P50-36,147,154,7.0,30,Yes,New,TSO,137,Giraffe,RRB,,147.0,154.0,7.0,137.0,30.0,Giraffe,RRB,Yes,alive,alive
Plot 50,P50-37,79,,-79.0,,,,,,,,Dead Tag found,79.0,,-79.0,,,,,,alive,dead
Plot 50,P50-38,109,118,9.0,30,Yes,Old,MSB,62,Natural,BBR,,109.0,118.0,9.0,62.0,30.0,Drought/Natural,BBR,Yes,alive,alive
Plot 50,P50-39,237,263,26.0,70,Yes,Old,SBB,223,Elephant,AB,,237.0,263.0,26.0,223.0,70.0,Elephant,AB,Yes,alive,alive
Plot 50,P50-40,20,28,8.0,2,Yes,New,SBB,24,Rhino,,,20.0,28.0,8.0,24.0,2.0,Rhino,,Yes,alive,alive
Plot 50,P50-41,153,113,-40.0,30,Yes,Old,SBB,113,Elephant,,,153.0,113.0,-40.0,113.0,30.0,Elephant,,Yes,alive,alive
Plot 50,P50-42,50,49,-1.0,30,Yes,Old,MSB,49,Natural,,,50.0,49.0,-1.0,49.0,30.0,Drought/Natural,,Yes,alive,alive
Plot 50,P50-43,21,34,13.0,5,Yes,Old,SBB,13,Rhino,,,21.0,34.0,13.0,13.0,5.0,Rhino,,Yes,alive,alive
Plot 50,P50-44,207,205,-2.0,50,Yes,Old,SBB,103,Rhino,TP,,207.0,205.0,-2.0,103.0,50.0,Rhino,TP,Yes,alive,alive
Plot 50,P50-45,196,204,8.0,60,Yes,Old,SBB,154,Elephant,,Drying up,196.0,204.0,8.0,154.0,60.0,Elephant,,Yes,alive,alive
Plot 50,P50-46,185,171,-14.0,60,Yes,New,SBB,171,Bufallo,,Drying up,185.0,171.0,-14.0,171.0,60.0,Other,,Yes,alive,alive
Plot 50,P50-47,13,17,4.0,5,Yes,Old,MSB,11,Rhino,,,13.0,17.0,4.0,11.0,5.0,Rhino,,Yes,alive,alive
Plot 50,P50-48,178,190,12.0,50,Yes,Old,TSO,177,Giraffe,RRB,,178.0,190.0,12.0,177.0,50.0,Giraffe,RRB,Yes,alive,alive
Plot 50,P50-49,138,142,4.0,30,Yes,Old,TSO,134,Giraffe,RRB,,138.0,142.0,4.0,134.0,30.0,Giraffe,RRB,Yes,alive,alive
Plot 50,P50-50,42,40,-2.0,80,Yes,Old,MSB,40,Elephant,,Dead stump found,42.0,40.0,-2.0,40.0,80.0,Elephant,,Yes,alive,dead
Plot 51,P51-01,341,379,38.0,100,Yes,Old,SBB,192,Elephant,RRB,,341.0,379.0,38.0,192.0,100.0,Elephant,RRB,Yes,alive,alive
Plot 51,P51-02,20,38,18.0,20,Yes,Old,TSO,38,Rhino,,Tag missing,20.0,38.0,18.0,38.0,20.0,Rhino,,Yes,alive,missing
Plot 51,P51-03,156,142,-14.0,40,Yes,New,TSO,129,Rhino,,,156.0,142.0,-14.0,129.0,40.0,Rhino,,Yes,alive,alive
Plot 51,P51-04,333,341,8.0,80,Yes,Old,SBB,129,Elephant,,,333.0,341.0,8.0,129.0,80.0,Elephant,,Yes,alive,alive
Plot 51,P51-05,115,116,1.0,80,Yes,New,MSB,116,Elephant,RRB,,115.0,116.0,1.0,116.0,80.0,Elephant,RRB,Yes,alive,alive
Plot 51,P51-06,321,322,1.0,110,Yes,Old,SBB,151,Elephant,,,321.0,322.0,1.0,151.0,110.0,Elephant,,Yes,alive,alive
Plot 51,P51-07,108,101,-7.0,60,Yes,Old,MSB,101,Elephant,,,108.0,101.0,-7.0,101.0,60.0,Elephant,,Yes,alive,alive
Plot 51,P51-08,237,182,-55.0,60,Yes,Old,SBB,182,Elephant,,,237.0,182.0,-55.0,182.0,60.0,Elephant,,Yes,alive,alive
Plot 51,P51-09,148,171,23.0,50,Yes,New,SBB,120,Elephant,RRB,,148.0,171.0,23.0,120.0,50.0,Elephant,RRB,Yes,alive,alive
Plot 51,P51-10,247,244,-3.0,80,Yes,Old,SBB,205,Elephant,TP,,247.0,244.0,-3.0,205.0,80.0,Elephant,TP,Yes,alive,alive
Plot 51,P51-11,166,188,22.0,70,Yes,Old,SBB,103,Rhino,RRB,,166.0,188.0,22.0,103.0,70.0,Rhino,RRB,Yes,alive,alive
Plot 51,P51-12,181,208,27.0,50,Yes,New,TSO,148,Giraffe,RRB,,181.0,208.0,27.0,148.0,50.0,Giraffe,RRB,Yes,alive,alive
Plot 51,P51-13,175,169,-6.0,50,Yes,Old,SBB,169,Elephant,,,175.0,169.0,-6.0,169.0,50.0,Elephant,,Yes,alive,alive
Plot 51,P51-14,165,161,-4.0,40,Yes,Old,SBB,148,Elephant,RRB,,165.0,161.0,-4.0,148.0,40.0,Elephant,RRB,Yes,alive,alive
Plot 51,P51-15,359,252,-107.0,90,Yes,New,MSB,197,Elephant,BBR,,359.0,252.0,-107.0,197.0,90.0,Elephant,BBR,Yes,alive,alive
Plot 51,P51-16,165,186,21.0,60,Yes,New,TSO,174,Giraffe,TP,,165.0,186.0,21.0,174.0,60.0,Giraffe,TP,Yes,alive,alive
Plot 51,P51-17,93,46,-47.0,60,Yes,Old,MSB,80,Elephant,,Dead,93.0,46.0,-47.0,80.0,60.0,Elephant,,Yes,alive,dead
Plot 51,P51-18,73,35,-38.0,100,Yes,Old,SBB,217,Elephant,,Dead,73.0,35.0,-38.0,217.0,100.0,Elephant,,Yes,alive,dead
Plot 51,P51-19,327,355,28.0,100,Yes,New,SBB,217,Elephant,,,327.0,355.0,28.0,217.0,100.0,Elephant,,Yes,alive,alive
Plot 51,P51-20,259,250,-9.0,90,Yes,Old,MSB,116,Elephant,RRB,,259.0,250.0,-9.0,116.0,90.0,Elephant,RRB,Yes,alive,alive
Plot 51,P51-21,337,359,22.0,90,Yes,Old,SBB,178,Elephant,TP,Tag missing wire found,337.0,359.0,22.0,178.0,90.0,Elephant,TP,Yes,alive,missing
Plot 51,P51-22,19,31,12.0,15,Yes,New,MSB,25,Rhino,BBR,,19.0,31.0,12.0,25.0,15.0,Rhino,BBR,Yes,alive,alive
Plot 51,P51-23,149,159,10.0,50,Yes,Old,TSO,108,Rhino,RRB,,149.0,159.0,10.0,108.0,50.0,Rhino,RRB,Yes,alive,alive
Plot 51,P51-24,271,276,5.0,70,Yes,New,SBB,12,Elephant,,,271.0,276.0,5.0,12.0,70.0,Elephant,,Yes,alive,alive
Plot 51,P51-25,180,,-180.0,,,,,,,,Dead,180.0,,-180.0,,,,,,alive,dead
Plot 51,P51-26,201,247,46.0,70,Yes,Old,TSO,100,Rhino,TP,,201.0,247.0,46.0,100.0,70.0,Rhino,TP,Yes,alive,alive
Plot 51,P51-27,173,178,5.0,60,Yes,Old,TSO,141,Rhino,RRB,,173.0,178.0,5.0,141.0,60.0,Rhino,RRB,Yes,alive,alive
Plot 51,P51-28,211,237,26.0,60,Yes,Old,SBB,115,Elephant,RRB,,211.0,237.0,26.0,115.0,60.0,Elephant,RRB,Yes,alive,alive
Plot 51,P51-29,384,403,19.0,90,Yes,Old,SBB,259,Elephant,RRB,,384.0,403.0,19.0,259.0,90.0,Elephant,RRB,Yes,alive,alive
Plot 51,P51-30,99,23,-76.0,50,Yes,Old,TSO,57,Rhino,RRB,,99.0,23.0,-76.0,57.0,50.0,Rhino,RRB,Yes,alive,alive
Plot 51,P51-31,263,302,39.0,50,Yes,New,SBB,120,Rhino,RRB,,263.0,302.0,39.0,120.0,50.0,Rhino,RRB,Yes,alive,alive
Plot 51,P51-32,319,355,36.0,120,Yes,Old,SBB,120,Elephant,RRB,,319.0,355.0,36.0,120.0,120.0,Elephant,RRB,Yes,alive,alive
Plot 51,P51-33,103,11,-92.0,80,Yes,Old,MSB,11,Elephant,,,103.0,11.0,-92.0,11.0,80.0,Elephant,,Yes,alive,alive
Plot 51,P51-34,155,144,-11.0,50,Yes,Old,MSB,144,Elephant,RRB,,155.0,144.0,-11.0,144.0,50.0,Elephant,RRB,Yes,alive,alive
Plot 51,P51-35,23,31,8.0,10,Yes,Old,,,,,,23.0,31.0,8.0,,10.0,,,Yes,alive,alive
Plot 51,P51-36,175,190,15.0,50,Yes,New,SBB,117,Rhino,RRB,"Tag missing, wire found",175.0,190.0,15.0,117.0,50.0,Rhino,RRB,Yes,alive,missing
Plot 51,P51-37,139,23,-116.0,60,Yes,Old,MSB,9,Elephant,RRB,Regrowth,139.0,23.0,-116.0,9.0,60.0,Elephant,RRB,Yes,alive,alive
Plot 51,P51-38,240,273,33.0,50,Yes,Old,SBB,135,Elephant,,,240.0,273.0,33.0,135.0,50.0,Elephant,,Yes,alive,alive
Plot 51,P51-39,131,,-131.0,,,,,,,,Dead,131.0,,-131.0,,,,,,alive,dead
Plot 51,P51-40,24,40,16.0,10,Yes,New,TSO,24,Rhino,,,24.0,40.0,16.0,24.0,10.0,Rhino,,Yes,alive,alive
Plot 51,P51-41,122,144,22.0,50,Yes,Old,MSB,119,Elephant,,,122.0,144.0,22.0,119.0,50.0,Elephant,,Yes,alive,alive
Plot 51,P51-42,5,31,26.0,10,Yes,Old,MSB,18,Rhino,,Tag chewed,5.0,31.0,26.0,18.0,10.0,Rhino,,Yes,alive,alive
Plot 51,P51-43,275,278,3.0,60,Yes,Old,SBB,145,Elephant,,"Tag missing, wire found",275.0,278.0,3.0,145.0,60.0,Elephant,,Yes,alive,missing
Plot 51,P51-44,235,259,24.0,60,Yes,New,SBB,125,Rhino,AB,,235.0,259.0,24.0,125.0,60.0,Rhino,AB,Yes,alive,alive
Plot 51,P51-45,272,305,33.0,80,Yes,Old,SBB,49,Rhino,TP,,272.0,305.0,33.0,49.0,80.0,Rhino,TP,Yes,alive,alive
Plot 51,P51-46,280,296,16.0,110,Yes,Old,SBB,143,Elephant,,Diameter 120,280.0,296.0,16.0,143.0,110.0,Elephant,,Yes,alive,alive
Plot 51,P51-47,134,128,-6.0,40,Yes,New,SBB,104,Elephant,BBR,Tag missing,134.0,128.0,-6.0,104.0,40.0,Elephant,BBR,Yes,alive,missing
Plot 51,P51-48,178,203,25.0,50,Yes,Old,TSO,102,Rhino,BBR,,178.0,203.0,25.0,102.0,50.0,Rhino,BBR,Yes,alive,alive
Plot 51,P51-49,11,28,17.0,10,No,,,,,TP,,11.0,28.0,17.0,,10.0,,TP,No,alive,alive
Plot 51,P51-50,484,491,7.0,130,Yes,Old,SBB,306,Elephant,TP,Diameter 130,484.0,491.0,7.0,306.0,130.0,Elephant,TP,Yes,alive,alive
Plot 52,P52-01,347,347,0.0,70,Yes,Old,SBB,165,Elephant,RRB,,347.0,347.0,0.0,165.0,70.0,Elephant,RRB,Yes,alive,alive
Plot 52,P52-02,176,18,-158.0,60,Yes,New,SBB,102,Natural,RRB,Drying up,176.0,18.0,-158.0,102.0,60.0,Drought/Natural,RRB,Yes,alive,alive
Plot 52,P52-03,209,179,-30.0,50,Yes,Old,SBB,16,Natural,RRB,Drying up,209.0,179.0,-30.0,16.0,50.0,Drought/Natural,RRB,Yes,alive,alive
Plot 52,P52-04,223,216,-7.0,50,Yes,Old,SBB,148,Elephant,BBR,,223.0,216.0,-7.0,148.0,50.0,Elephant,BBR,Yes,alive,alive
Plot 52,P52-05,196,205,9.0,40,Yes,Old,SBB,198,Giraffe,RRB,,196.0,205.0,9.0,198.0,40.0,Giraffe,RRB,Yes,alive,alive
Plot 52,P52-06,222,211,-11.0,60,Yes,Old,SBB,146,Elephant,RRB,,222.0,211.0,-11.0,146.0,60.0,Elephant,RRB,Yes,alive,alive
Plot 52,P52-07,146,,-146.0,,,,,,,,Dead tag found,146.0,,-146.0,,,,,,alive,dead
Plot 52,P52-08,190,153,-37.0,50,Yes,New,MSB,130,Elephant,RRB,,190.0,153.0,-37.0,130.0,50.0,Elephant,RRB,Yes,alive,alive
Plot 52,P52-09,25,170,145.0,70,Yes,Old,MSB,30,Cattle,AB,,25.0,170.0,145.0,30.0,70.0,Other,AB,Yes,alive,alive
Plot 52,P52-10,27,39,12.0,5,Yes,New,SBB,10,Cattle,RRB,,27.0,39.0,12.0,10.0,5.0,Other,RRB,Yes,alive,alive
Plot 52,P52-11,14,,-14.0,,,,,,,,Missing tag found,14.0,,-14.0,,,,,,alive,missing
Plot 52,P52-12,181,,-181.0,,,,,,,,Dead tag found,181.0,,-181.0,,,,,,alive,dead
Plot 52,P52-13,199,234,35.0,70,Yes,New,TSO,215,Giraffe,RRB,,199.0,234.0,35.0,215.0,70.0,Giraffe,RRB,Yes,alive,alive
Plot 52,P52-14,46,,-46.0,,,,,,,,Dead tag found,46.0,,-46.0,,,,,,alive,dead
Plot 52,P52-15,24,20,-4.0,50,Yes,Old,TSO,44,Cattle,,,24.0,20.0,-4.0,44.0,50.0,Other,,Yes,alive,alive
Plot 52,P52-16,24,10,-14.0,10,Yes,Old,MSB,10,Rhino,RRB,,24.0,10.0,-14.0,10.0,10.0,Rhino,RRB,Yes,alive,alive
Plot 52,P52-17,47,,-47.0,,,,,,,,Dead tag found,47.0,,-47.0,,,,,,alive,dead
Plot 52,P52-18,195,207,12.0,60,Yes,New,MSB,104,Elephant,RRB,,195.0,207.0,12.0,104.0,60.0,Elephant,RRB,Yes,alive,alive
Plot 52,P52-19,232,271,39.0,90,Yes,Old,MSB,205,Elephant,RRB,,232.0,271.0,39.0,205.0,90.0,Elephant,RRB,Yes,alive,alive
Plot 52,P52-20,21.5,20,-1.5,5,Yes,Old,SBB,17,Natural,,,21.5,20.0,-1.5,17.0,5.0,Drought/Natural,,Yes,alive,alive
Plot 52,P52-21,13,17,4.0,5,Yes,New,TSO,70,Cattle,RRB,,13.0,17.0,4.0,70.0,5.0,Other,RRB,Yes,alive,alive
Plot 52,P52-22,327,300,-27.0,70,Yes,Old,SBB,30,Natural,RRB,Drying up,327.0,300.0,-27.0,30.0,70.0,Drought/Natural,RRB,Yes,alive,alive
Plot 52,P52-23,158,157,-1.0,30,Yes,Old,TSO,138,Giraffe,TP,,158.0,157.0,-1.0,138.0,30.0,Giraffe,TP,Yes,alive,alive
Plot 52,P52-24,81,30,-51.0,55,Yes,Old,MSB,30,Rhino,,,81.0,30.0,-51.0,30.0,55.0,Rhino,,Yes,alive,alive
Plot 52,P52-25,80,,-80.0,,,,,,,,Missing,80.0,,-80.0,,,,,,alive,missing
Plot 52,P52-26,122,120,-2.0,40,Yes,Old,TSO,120,Giraffe,BBR,,122.0,120.0,-2.0,120.0,40.0,Giraffe,BBR,Yes,alive,alive
Plot 52,P52-27,241,244,3.0,100,Yes,Old,SBB,148,Natural,TP,,241.0,244.0,3.0,148.0,100.0,Drought/Natural,TP,Yes,alive,alive
Plot 52,P52-28,20,21,1.0,80,No,,,,,,,20.0,21.0,1.0,,80.0,,,No,alive,alive
Plot 52,P52-29,23,25,2.0,80,No,,,,,,Bearing 145,23.0,25.0,2.0,,80.0,,,No,alive,alive
Plot 52,P52-30,20,27,7.0,7,Yes,New,MSB,19,Rhino,RRB,,20.0,27.0,7.0,19.0,7.0,Rhino,RRB,Yes,alive,alive
Plot 52,P52-31,47,,-47.0,,,,,,,,Dead tag found,47.0,,-47.0,,,,,,alive,dead
Plot 52,P52-32,130,130,0.0,40,Yes,New,TSO,104,Giraffe,AB,,130.0,130.0,0.0,104.0,40.0,Giraffe,AB,Yes,alive,alive
Plot 52,P52-33,28,24,-4.0,8,No,,,,,,,28.0,24.0,-4.0,,8.0,,,No,alive,alive
Plot 52,P52-34,22,,-22.0,,,,,,,,Missing tag found,22.0,,-22.0,,,,,,alive,missing
Plot 52,P52-35,28,18,-10.0,3,No,,,,,,,28.0,18.0,-10.0,,3.0,,,No,alive,alive
Plot 52,P52-36,27,,-27.0,,,,,,,,Tag missing,27.0,,-27.0,,,,,,alive,missing
Plot 52,P52-37,169,,-169.0,,,,,,,,Dead tag found,169.0,,-169.0,,,,,,alive,dead
Plot 52,P52-38,19,27,8.0,3,Yes,New,MSB,20,Rhino,,,19.0,27.0,8.0,20.0,3.0,Rhino,,Yes,alive,alive
Plot 52,P52-39,312,330,18.0,90,Yes,Old,SBB,175,Elephant,"AB,CMP",,312.0,330.0,18.0,175.0,90.0,Elephant,"AB, CMP",Yes,alive,alive
Plot 52,P52-40,144,,-144.0,,,,,,,,Dead tag found,144.0,,-144.0,,,,,,alive,dead
Plot 52,P52-41,169,85,-84.0,30,Yes,New,MSB,85,Elephant,,,169.0,85.0,-84.0,85.0,30.0,Elephant,,Yes,alive,alive
Plot 52,P52-42,9,24,15.0,8,Yes,Old,TSO,16,Rhino,,,9.0,24.0,15.0,16.0,8.0,Rhino,,Yes,alive,alive
Plot 52,P52-43,10,35,25.0,10,Yes,New,TSO,18,Rhino,RRB,,10.0,35.0,25.0,18.0,10.0,Rhino,RRB,Yes,alive,alive
Plot 52,P52-44,150,,-150.0,,,,,,,,Dead tag found,150.0,,-150.0,,,,,,alive,dead
Plot 52,P52-45,140,180,40.0,70,Yes,Old,MSB,140,Elephant,RRB,,140.0,180.0,40.0,140.0,70.0,Elephant,RRB,Yes,alive,alive
Plot 52,P52-46,235,,-235.0,,,,,,,,Dead tag found,235.0,,-235.0,,,,,,alive,dead
Plot 52,P52-47,284,253,-31.0,50,Yes,Old,TSO,195,Giraffe,RRB,,284.0,253.0,-31.0,195.0,50.0,Giraffe,RRB,Yes,alive,alive
Plot 52,P52-48,158,157,-1.0,30,Yes,New,SBB,117,Giraffe,"RRB,AB",,158.0,157.0,-1.0,117.0,30.0,Giraffe,"RRB, AB",Yes,alive,alive
Plot 52,P52-49,225,227,2.0,40,Yes,Old,MSB,138,Elephant,BBR,,225.0,227.0,2.0,138.0,40.0,Elephant,BBR,Yes,alive,alive
Plot 52,P52-50,320,327,7.0,80,Yes,New,MSB,132,Elephant,RRB,Tag missing,320.0,327.0,7.0,132.0,80.0,Elephant,RRB,Yes,alive,missing
Plot 56,P56-01,344,336,-8.0,130,Yes,Old,TSO,202,Giraffe,RRB,,344.0,336.0,-8.0,202.0,130.0,Giraffe,RRB,Yes,alive,alive
Plot 56,P56-02,253,284,31.0,80,Yes,New,SBB,142,Elephant,RRB,,253.0,284.0,31.0,142.0,80.0,Elephant,RRB,Yes,alive,alive
Plot 56,P56-03,76,75,-1.0,50,Yes,Old,MSB,75,Elephant,,,76.0,75.0,-1.0,75.0,50.0,Elephant,,Yes,alive,alive
Plot 56,P56-04,186,213,27.0,60,Yes,Old,TSO,129,Giraffe,"AB,BBR",,186.0,213.0,27.0,129.0,60.0,Giraffe,"AB, BBR",Yes,alive,alive
Plot 56,P56-05,105,116,11.0,50,Yes,Old,TSO,93,Giraffe,AB,,105.0,116.0,11.0,93.0,50.0,Giraffe,AB,Yes,alive,alive
Plot 56,P56-06,235,257,22.0,70,Yes,Old,TSO,167,Giraffe,RRB,,235.0,257.0,22.0,167.0,70.0,Giraffe,RRB,Yes,alive,alive
Plot 56,P56-07,273,335,62.0,80,Yes,New,SBB,130,Elephant,RRB,,273.0,335.0,62.0,130.0,80.0,Elephant,RRB,Yes,alive,alive
Plot 56,P56-08,235,288,53.0,100,Yes,Old,TSO,130,Giraffe,RRB,,235.0,288.0,53.0,130.0,100.0,Giraffe,RRB,Yes,alive,alive
Plot 56,P56-09,215,254,39.0,70,Yes,Old,TSO,114,Rhino,RRB,,215.0,254.0,39.0,114.0,70.0,Rhino,RRB,Yes,alive,alive
Plot 56,P56-10,256,286,30.0,60,Yes,Old,SBB,72,Rhino,AB,,256.0,286.0,30.0,72.0,60.0,Rhino,AB,Yes,alive,alive
Plot 56,P56-11,152,82,-70.0,40,Yes,Old,MSB,73,Elephant,RRB,,152.0,82.0,-70.0,73.0,40.0,Elephant,RRB,Yes,alive,alive
Plot 56,P56-12,288,312,24.0,80,Yes,New,SBB,155,Elephant,RRB,,288.0,312.0,24.0,155.0,80.0,Elephant,RRB,Yes,alive,alive
Plot 56,P56-13,440,456,16.0,110,Yes,Old,SBB,167,Elephant,RRB,,440.0,456.0,16.0,167.0,110.0,Elephant,RRB,Yes,alive,alive
Plot 56,P56-14,256,314,58.0,80,Yes,Old,SBB,108,Rhino,"RRB,AB",,256.0,314.0,58.0,108.0,80.0,Rhino,"RRB, AB",Yes,alive,alive
Plot 56,P56-15,72,80,8.0,40,Yes,Old,MSB,70,Elephant,RRB,,72.0,80.0,8.0,70.0,40.0,Elephant,RRB,Yes,alive,alive
Plot 56,P56-16,258,298,40.0,80,Yes,Old,TSO,130,Giraffe,RRB,,258.0,298.0,40.0,130.0,80.0,Giraffe,RRB,Yes,alive,alive
Plot 56,P56-17,74,55,-19.0,40,Yes,Old,MSB,55,Elephant,,Drying up,74.0,55.0,-19.0,55.0,40.0,Elephant,,Yes,alive,alive
Plot 56,P56-18,110,100,-10.0,60,Yes,Old,MSB,90,Elephant,RRB,,110.0,100.0,-10.0,90.0,60.0,Elephant,RRB,Yes,alive,alive
Plot 56,P56-19,185,210,25.0,40,Yes,Old,SBB,156,Giraffe,TP,,185.0,210.0,25.0,156.0,40.0,Giraffe,TP,Yes,alive,alive
Plot 56,P56-20,188,212,24.0,60,Yes,New,SBB,115,Elephant,TP,,188.0,212.0,24.0,115.0,60.0,Elephant,TP,Yes,alive,alive
Plot 56,P56-21,177,171,-6.0,50,Yes,Old,TSO,164,Giraffe,TP,,177.0,171.0,-6.0,164.0,50.0,Giraffe,TP,Yes,alive,alive
Plot 56,P56-22,100,110,10.0,60,Yes,Old,MSB,97,Elephant,RRB,,100.0,110.0,10.0,97.0,60.0,Elephant,RRB,Yes,alive,alive
Plot 56,P56-23,215,257,42.0,60,Yes,Old,TSO,235,Giraffe,RRB,,215.0,257.0,42.0,235.0,60.0,Giraffe,RRB,Yes,alive,alive
Plot 56,P56-24,178,100,-78.0,40,Yes,Old,MSB,170,Elephant,RRB,,178.0,100.0,-78.0,170.0,40.0,Elephant,RRB,Yes,alive,alive
Plot 56,P56-25,181,188,7.0,50,Yes,Old,TSO,95,Rhino,TP,,181.0,188.0,7.0,95.0,50.0,Rhino,TP,Yes,alive,alive
Plot 56,P56-26,205,261,56.0,60,Yes,Old,TSO,242,Giraffe,RRB,,205.0,261.0,56.0,242.0,60.0,Giraffe,RRB,Yes,alive,alive
Plot 56,P56-27,140,133,-7.0,50,Yes,Old,MSB,111,Elephant,RRB,,140.0,133.0,-7.0,111.0,50.0,Elephant,RRB,Yes,alive,alive
Plot 56,P56-28,166,223,57.0,80,Yes,New,MSB,69,Elephant,RRB,,166.0,223.0,57.0,69.0,80.0,Elephant,RRB,Yes,alive,alive
Plot 56,P56-29,176,203,27.0,50,Yes,Old,SBB,83,Rhino,RRB,,176.0,203.0,27.0,83.0,50.0,Rhino,RRB,Yes,alive,alive
Plot 56,P56-30,64,64,0.0,40,Yes,Old,MSB,64,Rhino,,,64.0,64.0,0.0,64.0,40.0,Rhino,,Yes,alive,alive
Plot 56,P56-31,100,104,4.0,50,Yes,Old,MSB,104,Elephant,RRB,,100.0,104.0,4.0,104.0,50.0,Elephant,RRB,Yes,alive,alive
Plot 56,P56-32,169,202,33.0,50,Yes,Old,MSB,135,Elephant,RRB,,169.0,202.0,33.0,135.0,50.0,Elephant,RRB,Yes,alive,alive
Plot 56,P56-33,103,98,-5.0,40,Yes,Old,MSB,98,Elephant,,Dry/Standing,103.0,98.0,-5.0,98.0,40.0,Elephant,,Yes,alive,alive
Plot 56,P56-34,90,65,-25.0,30,Yes,New,SBB,65,Drought,RRB,Drying from top,90.0,65.0,-25.0,65.0,30.0,Drought/Natural,RRB,Yes,alive,alive
Plot 56,P56-35,70,69,-1.0,20,Yes,Old,MSB,69,Drought,,Drying up,70.0,69.0,-1.0,69.0,20.0,Drought/Natural,,Yes,alive,alive
Plot 56,P56-36,161,154,-7.0,40,Yes,Old,SBB,113,Elephant,BBR,,161.0,154.0,-7.0,113.0,40.0,Elephant,BBR,Yes,alive,alive
Plot 56,P56-37,56,48,-8.0,30,Yes,New,MSB,48,Elephant,,,56.0,48.0,-8.0,48.0,30.0,Elephant,,Yes,alive,alive
Plot 56,P56-38,90,120,30.0,20,Yes,Old,TSO,105,Other,RRB,,90.0,120.0,30.0,105.0,20.0,Other,RRB,Yes,alive,alive
Plot 56,P56-39,149,202,53.0,40,Yes,Old,MSB,146,Elephant,RRB,,149.0,202.0,53.0,146.0,40.0,Elephant,RRB,Yes,alive,alive
Plot 56,P56-40,131,140,9.0,40,Yes,Old,SBB,72,Other,RRB,,131.0,140.0,9.0,72.0,40.0,Other,RRB,Yes,alive,alive
Plot 56,P56-41,5,30,25.0,5,No,,,,,,,5.0,30.0,25.0,,5.0,,,No,alive,alive
Plot 56,P56-42,200,215,15.0,60,Yes,Old,TSO,182,Giraffe,BBR,,200.0,215.0,15.0,182.0,60.0,Giraffe,BBR,Yes,alive,alive
Plot 56,P56-43,147,182,35.0,40,Yes,Old,TSO,168,Giraffe,RRB,,147.0,182.0,35.0,168.0,40.0,Giraffe,RRB,Yes,alive,alive
Plot 56,P56-44,212,228,16.0,60,Yes,Old,SBB,168,Elephant,RRB,,212.0,228.0,16.0,168.0,60.0,Elephant,RRB,Yes,alive,alive
Plot 56,P56-45,229,238,9.0,60,Yes,Old,TSO,214,Giraffe,RRB,,229.0,238.0,9.0,214.0,60.0,Giraffe,RRB,Yes,alive,alive
Plot 56,P56-46,57,,-57.0,,,,,,,,,57.0,,-57.0,,,,,,alive,nan
Plot 56,P56-47,130,,-130.0,,,,,,,,,130.0,,-130.0,,,,,,alive,nan
Plot 56,P56-48,155,146,-9.0,40,Yes,,TSO,139,Giraffe,RRB,,155.0,146.0,-9.0,139.0,40.0,Giraffe,RRB,Yes,alive,alive
Plot 56,P56-49,82,80,-2.0,60,Yes,,MSB,80,Elephant,,,82.0,80.0,-2.0,80.0,60.0,Elephant,,Yes,alive,alive
Plot 56,P56-50,450,478,28.0,100,Yes,,SBB,188,Elephant,RRB,,450.0,478.0,28.0,188.0,100.0,Elephant,RRB,Yes,alive,alive
Plot 62,P62-01,435,445,10.0,120,Yes,Old,SBB,157,Elephant,,,435.0,445.0,10.0,157.0,120.0,Elephant,,Yes,alive,alive
Plot 62,P62-02,60,90,30.0,2,No,,,,,,,60.0,90.0,30.0,,2.0,,,No,alive,alive
Plot 62,P62-03,244,232,-12.0,90,Yes,Old,SBB,153,Elephant,,,244.0,232.0,-12.0,153.0,90.0,Elephant,,Yes,alive,alive
Plot 62,P62-04,269,294,25.0,100,Yes,Old,MSB,110,Elephant,TP,,269.0,294.0,25.0,110.0,100.0,Elephant,TP,Yes,alive,alive
Plot 62,P62-05,215,234,19.0,90,Yes,Old,MSB,213,Elephant,TP,,215.0,234.0,19.0,213.0,90.0,Elephant,TP,Yes,alive,alive
Plot 62,P62-06,403,435,32.0,120,Yes,Old,SBB,252,Elephant,,,403.0,435.0,32.0,252.0,120.0,Elephant,,Yes,alive,alive
Plot 62,P62-07,310,327,17.0,120,Yes,Old,MSB,287,Elephant,,,310.0,327.0,17.0,287.0,120.0,Elephant,,Yes,alive,alive
Plot 62,P62-08,300,352,52.0,140,Yes,Old,SBB,164,Elephant,TP,,300.0,352.0,52.0,164.0,140.0,Elephant,TP,Yes,alive,alive
Plot 62,P62-09,477,450,-27.0,130,Yes,Old,SBB,223,Elephant,TP,,477.0,450.0,-27.0,223.0,130.0,Elephant,TP,Yes,alive,alive
Plot 62,P62-10,370,406,36.0,110,Yes,Old,SBB,213,Elephant,TP,,370.0,406.0,36.0,213.0,110.0,Elephant,TP,Yes,alive,alive
Plot 62,P62-11,80,111,31.0,20,No,,,,,TP,,80.0,111.0,31.0,,20.0,,TP,No,alive,alive
Plot 62,P62-12,393,424,31.0,100,No,,,,,TP,,393.0,424.0,31.0,,100.0,,TP,No,alive,alive
Plot 62,P62-13,200,216,16.0,100,Yes,Old,SBB,93,Rhino,,,200.0,216.0,16.0,93.0,100.0,Rhino,,Yes,alive,alive
Plot 62,P62-14,344,391,47.0,80,No,,,,,,,344.0,391.0,47.0,,80.0,,,No,alive,alive
Plot 62,P62-15,265,210,-55.0,80,Yes,Old,SBB,,,,,265.0,210.0,-55.0,,80.0,,,Yes,alive,alive
Plot 62,P62-16,246,346,100.0,85,Yes,Old,SBB,109,Elephant,TP,,246.0,346.0,100.0,109.0,85.0,Elephant,TP,Yes,alive,alive
Plot 62,P62-17,335,391,56.0,90,Yes,Old,SBB,306,Elephant,,,335.0,391.0,56.0,306.0,90.0,Elephant,,Yes,alive,alive
Plot 62,P62-18,292,317,25.0,65,Yes,Old,MSB,148,Elephant,,,292.0,317.0,25.0,148.0,65.0,Elephant,,Yes,alive,alive
Plot 62,P62-19,311,361,50.0,70,Yes,Old,MSB,116,Elephant,TP,,311.0,361.0,50.0,116.0,70.0,Elephant,TP,Yes,alive,alive
Plot 62,P62-20,453,494,41.0,190,Yes,Old,MSB,198,Elephant,,,453.0,494.0,41.0,198.0,190.0,Elephant,,Yes,alive,alive
Plot 62,P62-21,130,153,23.0,30,Yes,Old,MSB,118,Elephant,,,130.0,153.0,23.0,118.0,30.0,Elephant,,Yes,alive,alive
Plot 62,P62-22,240,238,-2.0,65,Yes,Old,MSB,188,Elephant,,,240.0,238.0,-2.0,188.0,65.0,Elephant,,Yes,alive,alive
Plot 62,P62-23,340,384,44.0,70,Yes,New,SBB,215,Elephant,TP,,340.0,384.0,44.0,215.0,70.0,Elephant,TP,Yes,alive,alive
Plot 62,P62-24,250,306,56.0,70,Yes,Old,MSB,255,Elephant,TP,,250.0,306.0,56.0,255.0,70.0,Elephant,TP,Yes,alive,alive
Plot 62,P62-25,530,469,-61.0,90,Yes,Old,SBB,217,Elephant,,,530.0,469.0,-61.0,217.0,90.0,Elephant,,Yes,alive,alive
Plot 62,P62-26,430,395,-35.0,70,Yes,Old,SBB,252,Elephant,,,430.0,395.0,-35.0,252.0,70.0,Elephant,,Yes,alive,alive
Plot 62,P62-27,460,419,-41.0,70,Yes,New,MSB,336,Elephant,,,460.0,419.0,-41.0,336.0,70.0,Elephant,,Yes,alive,alive
Plot 62,P62-28,345,361,16.0,90,Yes,Old,SBB,319,Elephant,,,345.0,361.0,16.0,319.0,90.0,Elephant,,Yes,alive,alive
Plot 62,P62-29,345,379,34.0,70,Yes,Old,SBB,287,Elephant,,,345.0,379.0,34.0,287.0,70.0,Elephant,,Yes,alive,alive
Plot 62,P62-30,86,92,6.0,110,Yes,Old,MSB,81,Elephant,,,86.0,92.0,6.0,81.0,110.0,Elephant,,Yes,alive,alive
Plot 62,P62-31,360,313,-47.0,60,Yes,Old,MSB,241,Elephant,,,360.0,313.0,-47.0,241.0,60.0,Elephant,,Yes,alive,alive
Plot 62,P62-32,275,277,2.0,80,Yes,New,SBB,232,Elephant,,,275.0,277.0,2.0,232.0,80.0,Elephant,,Yes,alive,alive
Plot 62,P62-33,373,379,6.0,70,Yes,Old,MSB,248,Elephant,,,373.0,379.0,6.0,248.0,70.0,Elephant,,Yes,alive,alive
Plot 62,P62-34,270,279,9.0,60,Yes,Old,SBB,247,Elephant,,,270.0,279.0,9.0,247.0,60.0,Elephant,,Yes,alive,alive
Plot 62,P62-35,297,344,47.0,80,Yes,Old,MSB,285,Elephant,,,297.0,344.0,47.0,285.0,80.0,Elephant,,Yes,alive,alive
Plot 62,P62-36,310,327,17.0,60,Yes,Old,SBB,165,Elephant,,,310.0,327.0,17.0,165.0,60.0,Elephant,,Yes,alive,alive
Plot 62,P62-37,480,466,-14.0,100,Yes,New,SBB,212,Elephant,,,480.0,466.0,-14.0,212.0,100.0,Elephant,,Yes,alive,alive
Plot 62,P62-38,327,394,67.0,130,Yes,Old,MSB,297,Elephant,,,327.0,394.0,67.0,297.0,130.0,Elephant,,Yes,alive,alive
Plot 62,P62-39,350,70,-280.0,50,Yes,Old,MSB,3,Elephant,,,350.0,70.0,-280.0,3.0,50.0,Elephant,,Yes,alive,alive
Plot 62,P62-40,440,435,-5.0,100,Yes,Old,MSB,374,Elephant,,,440.0,435.0,-5.0,374.0,100.0,Elephant,,Yes,alive,alive
Plot 62,P62-41,315,345,30.0,70,Yes,New,MSB,321,Elephant,,,315.0,345.0,30.0,321.0,70.0,Elephant,,Yes,alive,alive
Plot 62,P62-42,100,106,6.0,20,Yes,Old,MSB,106,Elephant,,,100.0,106.0,6.0,106.0,20.0,Elephant,,Yes,alive,alive
Plot 62,P62-43,145,151,6.0,30,Yes,Old,MSB,151,Elephant,,,145.0,151.0,6.0,151.0,30.0,Elephant,,Yes,alive,alive
Plot 62,P62-44,325,347,22.0,80,Yes,Old,MSB,327,Elephant,,,325.0,347.0,22.0,327.0,80.0,Elephant,,Yes,alive,alive
Plot 62,P62-45,257,242,-15.0,110,Yes,New,MSB,257,Elephant,,,257.0,242.0,-15.0,257.0,110.0,Elephant,,Yes,alive,alive
Plot 62,P62-46,245,261,16.0,120,Yes,Old,MSB,249,Elephant,,,245.0,261.0,16.0,249.0,120.0,Elephant,,Yes,alive,alive
Plot 62,P62-47,247,257,10.0,60,Yes,Old,MSB,243,Elephant,,,247.0,257.0,10.0,243.0,60.0,Elephant,,Yes,alive,alive
Plot 62,P62-48,248,274,26.0,115,Yes,Old,MSB,243,Elephant,,,248.0,274.0,26.0,243.0,115.0,Elephant,,Yes,alive,alive
Plot 62,P62-49,375,389,14.0,150,Yes,New,MSB,290,Elephant,,,375.0,389.0,14.0,290.0,150.0,Elephant,,Yes,alive,alive
Plot 62,P62-50,350,365,15.0,110,Yes,Old,MSB,154,Elephant,,,350.0,365.0,15.0,154.0,110.0,Elephant,,Yes,alive,alive
Plot 64,P64-01,294,292,-2.0,140,Yes,,SBB,208,Elephant,RRB,,294.0,292.0,-2.0,208.0,140.0,Elephant,RRB,Yes,alive,alive
Plot 64,P64-02,32,35,3.0,5,Yes,,SBB,13,Other,,,32.0,35.0,3.0,13.0,5.0,Other,,Yes,alive,alive
Plot 64,P64-03,27.5,29,1.5,2,Yes,,SBB,7,Other,,,27.5,29.0,1.5,7.0,2.0,Other,,Yes,alive,alive
Plot 64,P64-04,471,465,-6.0,120,Yes,,SBB,465,Drought,RRB,Tag missing,471.0,465.0,-6.0,465.0,120.0,Drought/Natural,RRB,Yes,alive,missing
Plot 64,P64-05,19,24,5.0,5,Yes,,SBB,19,Elephant,,,19.0,24.0,5.0,19.0,5.0,Elephant,,Yes,alive,alive
Plot 64,P64-06,45,45,0.0,50,Yes,,MSB,45,Elephant,,,45.0,45.0,0.0,45.0,50.0,Elephant,,Yes,alive,alive
Plot 64,P64-07,299,299,0.0,100,Yes,,MSB,299,Other,,Drying up,299.0,299.0,0.0,299.0,100.0,Other,,Yes,alive,alive
Plot 64,P64-08,37,,-37.0,,,,,,,,Missing,37.0,,-37.0,,,,,,alive,missing
Plot 64,P64-09,164,163,-1.0,40,Yes,,SBB,74,Other,RRB,,164.0,163.0,-1.0,74.0,40.0,Other,RRB,Yes,alive,alive
Plot 64,P64-10,125,121,-4.0,30,Yes,,SBB,87,Other,RRB,,125.0,121.0,-4.0,87.0,30.0,Other,RRB,Yes,alive,alive
Plot 64,P64-11,23,25,2.0,8,Yes,,SBB,21,Other,,,23.0,25.0,2.0,21.0,8.0,Other,,Yes,alive,alive
Plot 64,P64-12,97,94,-3.0,70,Yes,,MSB,94,Elephant,RRB,,97.0,94.0,-3.0,94.0,70.0,Elephant,RRB,Yes,alive,alive
Plot 64,P64-13,49,55,6.0,8,No,,,,,AB,,49.0,55.0,6.0,,8.0,,AB,No,alive,alive
Plot 64,P64-14,125,,-125.0,,,,,,,,Dead tag found,125.0,,-125.0,,,,,,alive,dead
Plot 64,P64-15,164,166,2.0,80,Yes,,SBB,88,Other,BBR,,164.0,166.0,2.0,88.0,80.0,Other,BBR,Yes,alive,alive
Plot 64,P64-16,143,147,4.0,40,Yes,,MSB,147,Elephant,TP,,143.0,147.0,4.0,147.0,40.0,Elephant,TP,Yes,alive,alive
Plot 64,P64-17,23,24,1.0,10,Yes,,MSB,17,Elephant,,,23.0,24.0,1.0,17.0,10.0,Elephant,,Yes,alive,alive
Plot 64,P64-18,166,146,-20.0,50,Yes,,MSB,146,Elephant,,,166.0,146.0,-20.0,146.0,50.0,Elephant,,Yes,alive,alive
Plot 64,P64-19,59,54,-5.0,40,Yes,,MSB,54,Elephant,,,59.0,54.0,-5.0,54.0,40.0,Elephant,,Yes,alive,alive
Plot 64,P64-20,64,49,-15.0,50,Yes,,MSB,49,Elephant,,,64.0,49.0,-15.0,49.0,50.0,Elephant,,Yes,alive,alive
Plot 64,P64-21,29,33,4.0,15,Yes,,MSB,9,Elephant,,,29.0,33.0,4.0,9.0,15.0,Elephant,,Yes,alive,alive
Plot 64,P64-22,185,230,45.0,70,Yes,,MSB,145,Elephant,BBR,,185.0,230.0,45.0,145.0,70.0,Elephant,BBR,Yes,alive,alive
Plot 64,P64-23,39,48,9.0,50,Yes,,MSB,37,Elephant,,,39.0,48.0,9.0,37.0,50.0,Elephant,,Yes,alive,alive
Plot 64,P64-24,71,85,14.0,30,Yes,,SBB,56,Other,,,71.0,85.0,14.0,56.0,30.0,Other,,Yes,alive,alive
Plot 64,P64-25,28,35,7.0,20,Yes,,MSB,10,Elephant,,,28.0,35.0,7.0,10.0,20.0,Elephant,,Yes,alive,alive
Plot 64,P64-26,74,72,-2.0,80,Yes,,MSB,72,Elephant,,Drying up,74.0,72.0,-2.0,72.0,80.0,Elephant,,Yes,alive,alive
Plot 64,P64-27,24,44,20.0,10,No,,,,,AB,,24.0,44.0,20.0,,10.0,,AB,No,alive,alive
Plot 64,P64-28,35,35,0.0,20,Yes,,MSB,35,Rhino,,,35.0,35.0,0.0,35.0,20.0,Rhino,,Yes,alive,alive
Plot 64,P64-29,159,160,1.0,50,Yes,,SBB,73,Other,BBR,,159.0,160.0,1.0,73.0,50.0,Other,BBR,Yes,alive,alive
Plot 64,P64-30,77,51,-26.0,50,Yes,,MSB,10,Elephant,,,77.0,51.0,-26.0,10.0,50.0,Elephant,,Yes,alive,alive
Plot 64,P64-31,167,177,10.0,40,Yes,,TSO,154,Giraffe,RRB,,167.0,177.0,10.0,154.0,40.0,Giraffe,RRB,Yes,alive,alive
Plot 64,P64-32,231,244,13.0,60,Yes,,SBB,139,Elephant,RRB,No tag,231.0,244.0,13.0,139.0,60.0,Elephant,RRB,Yes,alive,alive
Plot 64,P64-33,196,216,20.0,60,Yes,,SBB,131,Other,RRB,No tag,196.0,216.0,20.0,131.0,60.0,Other,RRB,Yes,alive,alive
Plot 64,P64-34,176,182,6.0,50,Yes,,TSO,168,Giraffe,RRB,,176.0,182.0,6.0,168.0,50.0,Giraffe,RRB,Yes,alive,alive
Plot 64,P64-35,182,170,-12.0,90,Yes,,MSB,130,Other,BBR,,182.0,170.0,-12.0,130.0,90.0,Other,BBR,Yes,alive,alive
Plot 64,P64-36,45,45,0.0,40,Yes,,MSB,45,Elephant,,,45.0,45.0,0.0,45.0,40.0,Elephant,,Yes,alive,alive
Plot 64,P64-37,92,92,0.0,30,Yes,,MSB,73,Elephant,RRB,,92.0,92.0,0.0,73.0,30.0,Elephant,RRB,Yes,alive,alive
Plot 64,P64-38,148,60,-88.0,40,Yes,,MSB,53,Elephant,BBR,,148.0,60.0,-88.0,53.0,40.0,Elephant,BBR,Yes,alive,alive
Plot 64,P64-39,67,87,20.0,30,Yes,,SBB,80,Rhino,RRB,,67.0,87.0,20.0,80.0,30.0,Rhino,RRB,Yes,alive,alive
Plot 64,P64-40,60,62,2.0,50,Yes,,MSB,62,Elephant,RRB,,60.0,62.0,2.0,62.0,50.0,Elephant,RRB,Yes,alive,alive
Plot 64,P64-41,122,147,25.0,40,Yes,,TSO,133,Drought,BBR,,122.0,147.0,25.0,133.0,40.0,Drought/Natural,BBR,Yes,alive,alive
Plot 64,P64-42,135,147,12.0,50,Yes,,TSO,56,Drought,BBR,,135.0,147.0,12.0,56.0,50.0,Drought/Natural,BBR,Yes,alive,alive
Plot 64,P64-43,112,99,-13.0,30,Yes,,SBB,68,Drought,,Drying up from the top,112.0,99.0,-13.0,68.0,30.0,Drought/Natural,,Yes,alive,alive
Plot 64,P64-44,207,212,5.0,60,Yes,,TSO,170,Drought,RRB,,207.0,212.0,5.0,170.0,60.0,Drought/Natural,RRB,Yes,alive,alive
Plot 64,P64-45,171,177,6.0,50,Yes,,TSO,179,Giraffe,RRB,,171.0,177.0,6.0,179.0,50.0,Giraffe,RRB,Yes,alive,alive
Plot 64,P64-46,209,237,28.0,90,Yes,,MSB,151,Elephant,RRB,,209.0,237.0,28.0,151.0,90.0,Elephant,RRB,Yes,alive,alive
Plot 64,P64-47,166,190,24.0,30,Yes,,SBB,58,Other,RRB,,166.0,190.0,24.0,58.0,30.0,Other,RRB,Yes,alive,alive
Plot 64,P64-48,151,163,12.0,50,Yes,,TSO,140,Giraffe,BBR,,151.0,163.0,12.0,140.0,50.0,Giraffe,BBR,Yes,alive,alive
Plot 64,P64-49,151,164,13.0,60,Yes,,TSO,144,Giraffe,BBR,,151.0,164.0,13.0,144.0,60.0,Giraffe,BBR,Yes,alive,alive
Plot 64,P64-50,159,170,11.0,80,Yes,,TSO,152,Giraffe,BBR,,159.0,170.0,11.0,152.0,80.0,Giraffe,BBR,Yes,alive,alive
Plot 66,P66-01,404,401,-3.0,100,Yes,,SBB,223,Elephant,RRB,,404.0,401.0,-3.0,223.0,100.0,Elephant,RRB,Yes,alive,alive
Plot 66,P66-02,331,342,11.0,70,Yes,,SBB,181,Elephant,,,331.0,342.0,11.0,181.0,70.0,Elephant,,Yes,alive,alive
Plot 66,P66-03,32,56,24.0,10,,,,,,,Drying up,32.0,56.0,24.0,,10.0,,,,alive,alive
Plot 66,P66-04,160,144,-16.0,30,Yes,,TSO,137,Giraffe,RRB,,160.0,144.0,-16.0,137.0,30.0,Giraffe,RRB,Yes,alive,alive
Plot 66,P66-05,184,135,-49.0,60,Yes,,MSB,78,Elephant,RRB,Drying up,184.0,135.0,-49.0,78.0,60.0,Elephant,RRB,Yes,alive,alive
Plot 66,P66-06,105,28,-77.0,30,Yes,,MSB,28,Elephant,RRB,Drying up,105.0,28.0,-77.0,28.0,30.0,Elephant,RRB,Yes,alive,alive
Plot 66,P66-07,162,157,-5.0,50,Yes,,SBB,92,Elephant,BBR,,162.0,157.0,-5.0,92.0,50.0,Elephant,BBR,Yes,alive,alive
Plot 66,P66-08,204,224,20.0,70,Yes,,SBB,183,Elephant,TP,,204.0,224.0,20.0,183.0,70.0,Elephant,TP,Yes,alive,alive
Plot 66,P66-09,189,222,33.0,60,Yes,,TSO,139,Giraffe,RRB,,189.0,222.0,33.0,139.0,60.0,Giraffe,RRB,Yes,alive,alive
Plot 66,P66-10,94,111,17.0,70,Yes,,MSB,85,Elephant,BBR,,94.0,111.0,17.0,85.0,70.0,Elephant,BBR,Yes,alive,alive
Plot 66,P66-11,234,248,14.0,75,Yes,,SBB,103,Elephant,BBR,,234.0,248.0,14.0,103.0,75.0,Elephant,BBR,Yes,alive,alive
Plot 66,P66-12,220,225,5.0,60,Yes,,SBB,70,Rhino,BBR,,220.0,225.0,5.0,70.0,60.0,Rhino,BBR,Yes,alive,alive
Plot 66,P66-13,197,222,25.0,65,Yes,,SBB,95,Elephant,RRB,,197.0,222.0,25.0,95.0,65.0,Elephant,RRB,Yes,alive,alive
Plot 66,P66-14,128,102,-26.0,70,Yes,,TSO,99,Giraffe,RRB,,128.0,102.0,-26.0,99.0,70.0,Giraffe,RRB,Yes,alive,alive
Plot 66,P66-15,185,189,4.0,55,Yes,,SBB,122,Rhino,RRB,,185.0,189.0,4.0,122.0,55.0,Rhino,RRB,Yes,alive,alive
Plot 66,P66-16,191,107,-84.0,50,Yes,,SBB,102,Rhino,RRB,,191.0,107.0,-84.0,102.0,50.0,Rhino,RRB,Yes,alive,alive
Plot 66,P66-17,208,105,-103.0,60,Yes,,SBB,78,Rhino,RRB,,208.0,105.0,-103.0,78.0,60.0,Rhino,RRB,Yes,alive,alive
Plot 66,P66-18,233,239,6.0,70,Yes,,SBB,144,Elephant,RRB,Tag missing,233.0,239.0,6.0,144.0,70.0,Elephant,RRB,Yes,alive,missing
Plot 66,P66-19,178,134,-44.0,60,Yes,,SBB,132,Elephant,RRB,,178.0,134.0,-44.0,132.0,60.0,Elephant,RRB,Yes,alive,alive
Plot 66,P66-20,201,192,-9.0,60,Yes,,SBB,133,Elephant,RRB,,201.0,192.0,-9.0,133.0,60.0,Elephant,RRB,Yes,alive,alive
Plot 66,P66-21,276,253,-23.0,70,Yes,,SBB,133,Elephant,RRB,,276.0,253.0,-23.0,133.0,70.0,Elephant,RRB,Yes,alive,alive
Plot 66,P66-22,247,308,61.0,90,Yes,,SBB,91,Rhino,RRB,,247.0,308.0,61.0,91.0,90.0,Rhino,RRB,Yes,alive,alive
Plot 66,P66-23,267,259,-8.0,70,Yes,,TSO,116,Giraffe,RRB,,267.0,259.0,-8.0,116.0,70.0,Giraffe,RRB,Yes,alive,alive
Plot 66,P66-24,192,118,-74.0,55,Yes,,SBB,115,Rhino,TP,,192.0,118.0,-74.0,115.0,55.0,Rhino,TP,Yes,alive,alive
Plot 66,P66-25,108,33,-75.0,30,Yes,,MSB,50,Rhino,RRB,Tag missing,108.0,33.0,-75.0,50.0,30.0,Rhino,RRB,Yes,alive,missing
Plot 66,P66-26,193,200,7.0,50,Yes,,SBB,66,Rhino,TP,,193.0,200.0,7.0,66.0,50.0,Rhino,TP,Yes,alive,alive
Plot 66,P66-27,275,310,35.0,70,Yes,,SBB,137,Elephant,RRB,,275.0,310.0,35.0,137.0,70.0,Elephant,RRB,Yes,alive,alive
Plot 66,P66-28,115,93,-22.0,55,Yes,,MSB,93,Elephant,RRB,,115.0,93.0,-22.0,93.0,55.0,Elephant,RRB,Yes,alive,alive
Plot 66,P66-29,132,155,23.0,70,Yes,,MSB,120,Elephant,RRB,,132.0,155.0,23.0,120.0,70.0,Elephant,RRB,Yes,alive,alive
Plot 66,P66-30,137,179,42.0,50,Yes,,TSO,165,Giraffe,RRB,,137.0,179.0,42.0,165.0,50.0,Giraffe,RRB,Yes,alive,alive
Plot 66,P66-31,348,353,5.0,90,Yes,,SBB,121,Elephant,RRB,,348.0,353.0,5.0,121.0,90.0,Elephant,RRB,Yes,alive,alive
Plot 66,P66-32,18,50,32.0,5,Yes,,MSB,,Elephant,RRB,Regrowth,18.0,50.0,32.0,,5.0,Elephant,RRB,Yes,alive,alive
Plot 66,P66-33,23,32,9.0,20,New,,,,,,,23.0,32.0,9.0,,20.0,,,New,alive,alive
Plot 66,P66-34,137,161,24.0,55,Yes,,TSO,154,Giraffe,RRB,,137.0,161.0,24.0,154.0,55.0,Giraffe,RRB,Yes,alive,alive
Plot 66,P66-35,302,332,30.0,100,Yes,,SBB,314,Elephant,RRB,,302.0,332.0,30.0,314.0,100.0,Elephant,RRB,Yes,alive,alive
Plot 66,P66-36,187,199,12.0,60,Yes,,TSO,176,Giraffe,RRB,,187.0,199.0,12.0,176.0,60.0,Giraffe,RRB,Yes,alive,alive
Plot 66,P66-37,184,181,-3.0,60,Yes,,SBB,131,Elephant,BBR,,184.0,181.0,-3.0,131.0,60.0,Elephant,BBR,Yes,alive,alive
Plot 66,P66-38,29,13,-16.0,4,New,,,,,,,29.0,13.0,-16.0,,4.0,,,New,alive,alive
Plot 66,P66-39,197,215,18.0,63,Yes,,SBB,86,Rhino,RRB,,197.0,215.0,18.0,86.0,63.0,Rhino,RRB,Yes,alive,alive
Plot 66,P66-40,135,123,-12.0,50,Yes,,MSB,132,Rhino,,,135.0,123.0,-12.0,132.0,50.0,Rhino,,Yes,alive,alive
Plot 66,P66-41,204,223,19.0,65,Yes,,SBB,128,Rhino,RRB,,204.0,223.0,19.0,128.0,65.0,Rhino,RRB,Yes,alive,alive
Plot 66,P66-42,295,327,32.0,60,Yes,,SBB,122,Elephant,RRB,,295.0,327.0,32.0,122.0,60.0,Elephant,RRB,Yes,alive,alive
Plot 66,P66-43,205,249,44.0,60,Yes,,SBB,106,Elephant,BBR,,205.0,249.0,44.0,106.0,60.0,Elephant,BBR,Yes,alive,alive
Plot 66,P66-44,181,224,43.0,50,Yes,,TSO,117,Elephant,BBR,,181.0,224.0,43.0,117.0,50.0,Elephant,BBR,Yes,alive,alive
Plot 66,P66-45,240,253,13.0,70,Yes,,SBB,106,Elephant,,,240.0,253.0,13.0,106.0,70.0,Elephant,,Yes,alive,alive
Plot 66,P66-46,143,127,-16.0,60,Yes,,MSB,127,Elephant,,,143.0,127.0,-16.0,127.0,60.0,Elephant,,Yes,alive,alive
Plot 66,P66-47,81,72,-9.0,70,Yes,,MSB,72,Rhino,,,81.0,72.0,-9.0,72.0,70.0,Rhino,,Yes,alive,alive
Plot 66,P66-48,92,83,-9.0,40,Yes,,MSB,83,Elephant,,,92.0,83.0,-9.0,83.0,40.0,Elephant,,Yes,alive,alive
Plot 66,P66-49,159,161,2.0,55,Yes,,SBB,59,Rhino,BBR,,159.0,161.0,2.0,59.0,55.0,Rhino,BBR,Yes,alive,alive
Plot 66,P66-50,349,169,-180.0,100,Yes,,MSB,49,Elephant,RRB,,349.0,169.0,-180.0,49.0,100.0,Elephant,RRB,Yes,alive,alive
Plot 68,P68-01,434,375,-59.0,130,Yes,,SBB,61,Elephant,AB,,434.0,375.0,-59.0,61.0,130.0,Elephant,AB,Yes,alive,alive
Plot 68,P68-02,150,187,37.0,65,Yes,,SBB,150,Giraffe,BBR,,150.0,187.0,37.0,150.0,65.0,Giraffe,BBR,Yes,alive,alive
Plot 68,P68-03,184,216,32.0,75,Yes,,SBB,75,Rhino,BBR,,184.0,216.0,32.0,75.0,75.0,Rhino,BBR,Yes,alive,alive
Plot 68,P68-04,79,83,4.0,50,Yes,,SBB,26,Rhino,BBR,,79.0,83.0,4.0,26.0,50.0,Rhino,BBR,Yes,alive,alive
Plot 68,P68-05,188,137,-51.0,70,Yes,,SBB,90,Elephant,TP,Bearing 150,188.0,137.0,-51.0,90.0,70.0,Elephant,TP,Yes,alive,alive
Plot 68,P68-06,47,57,10.0,30,Yes,,SBB,13,Rhino,BBR,,47.0,57.0,10.0,13.0,30.0,Rhino,BBR,Yes,alive,alive
Plot 68,P68-07,136,136,0.0,60,Yes,,TSO,130,Giraffe,TP,,136.0,136.0,0.0,130.0,60.0,Giraffe,TP,Yes,alive,alive
Plot 68,P68-08,132,153,21.0,60,Yes,,SBB,106,Rhino,TP,,132.0,153.0,21.0,106.0,60.0,Rhino,TP,Yes,alive,alive
Plot 68,P68-09,92,,-92.0,,New,,,,,,Tag found,92.0,,-92.0,,,,,New,alive,nan
Plot 68,P68-10,122,130,8.0,40,Yes,,TSO,114,Giraffe,TP,,122.0,130.0,8.0,114.0,40.0,Giraffe,TP,Yes,alive,alive
Plot 68,P68-11,35,70,35.0,35,Yes,,MSB,10,Rhino,BBR,,35.0,70.0,35.0,10.0,35.0,Rhino,BBR,Yes,alive,alive
Plot 68,P68-12,26,45,19.0,5,Yes,,MSB,5,Rhino,,Regrowth,26.0,45.0,19.0,5.0,5.0,Rhino,,Yes,alive,alive
Plot 68,P68-13,86,77,-9.0,70,Yes,,MSB,73,Elephant,BBR,,86.0,77.0,-9.0,73.0,70.0,Elephant,BBR,Yes,alive,alive
Plot 68,P68-14,223,244,21.0,85,Yes,,TSO,173,Giraffe,TP,,223.0,244.0,21.0,173.0,85.0,Giraffe,TP,Yes,alive,alive
Plot 68,P68-15,27,42,15.0,8,Yes,,TSO,24,Rhino,BBR,Regrowth,27.0,42.0,15.0,24.0,8.0,Rhino,BBR,Yes,alive,alive
Plot 68,P68-16,71,103,32.0,50,Yes,,MSB,72,Elephant,BBR,,71.0,103.0,32.0,72.0,50.0,Elephant,BBR,Yes,alive,alive
Plot 68,P68-17,101,36,-65.0,30,Yes,,MSB,36,Elephant,BBR,,101.0,36.0,-65.0,36.0,30.0,Elephant,BBR,Yes,alive,alive
Plot 68,P68-18,178,182,4.0,70,Yes,,SBB,56,Rhino,BBR,,178.0,182.0,4.0,56.0,70.0,Rhino,BBR,Yes,alive,alive
Plot 68,P68-19,15,22,7.0,20,Yes,,MSB,12,Rhino,BBR,Regrowth,15.0,22.0,7.0,12.0,20.0,Rhino,BBR,Yes,alive,alive
Plot 68,P68-20,140,130,-10.0,60,Old,,MSB,130,Elephant,BBR,,140.0,130.0,-10.0,130.0,60.0,Elephant,BBR,Old,alive,alive
Plot 68,P68-21,219,223,4.0,65,Yes,,TSO,208,Giraffe,BBR,,219.0,223.0,4.0,208.0,65.0,Giraffe,BBR,Yes,alive,alive
Plot 68,P68-22,43,42,-1.0,80,Yes,,MSB,46,Rhino,BBR,,43.0,42.0,-1.0,46.0,80.0,Rhino,BBR,Yes,alive,alive
Plot 68,P68-23,46,64,18.0,20,Yes,,SBB,16,Rhino,BBR,,46.0,64.0,18.0,16.0,20.0,Rhino,BBR,Yes,alive,alive
Plot 68,P68-24,113,40,-73.0,40,Yes,,TSO,107,Giraffe,BBR,,113.0,40.0,-73.0,107.0,40.0,Giraffe,BBR,Yes,alive,alive
Plot 68,P68-25,169,208,39.0,55,Yes,,SBB,112,Elephant,BBR,,169.0,208.0,39.0,112.0,55.0,Elephant,BBR,Yes,alive,alive
Plot 68,P68-26,136,147,11.0,40,Old,,SBB,114,Rhino,TP,,136.0,147.0,11.0,114.0,40.0,Rhino,TP,Old,alive,alive
Plot 68,P68-27,65,67,2.0,80,Yes,,MSB,67,Rhino,BBR,,65.0,67.0,2.0,67.0,80.0,Rhino,BBR,Yes,alive,alive
Plot 68,P68-28,33,45,12.0,80,No,,,,,,,33.0,45.0,12.0,,80.0,,,No,alive,alive
Plot 68,P68-29,17,40,23.0,10,No,,,,,,Regrowth,17.0,40.0,23.0,,10.0,,,No,alive,alive
Plot 68,P68-30,56,72,16.0,65,Yes,,MSB,52,Rhino,BBR,,56.0,72.0,16.0,52.0,65.0,Rhino,BBR,Yes,alive,alive
Plot 68,P68-31,34,52,18.0,25,Yes,,,,,,,34.0,52.0,18.0,,25.0,,,Yes,alive,alive
Plot 68,P68-32,112,107,-5.0,52,Yes,,SBB,63,Rhino,BBR,,112.0,107.0,-5.0,63.0,52.0,Rhino,BBR,Yes,alive,alive
Plot 68,P68-33,130,139,9.0,60,Yes,,SBB,104,Rhino,BBR,,130.0,139.0,9.0,104.0,60.0,Rhino,BBR,Yes,alive,alive
Plot 68,P68-34,10,33,23.0,20,No,,,,,,,10.0,33.0,23.0,,20.0,,,No,alive,alive
Plot 68,P68-35,116,167,51.0,50,Yes,,SBB,78,Rhino,TP,,116.0,167.0,51.0,78.0,50.0,Rhino,TP,Yes,alive,alive
Plot 68,P68-36,121,137,16.0,45,Yes,,SBB,122,Giraffe,BBR,,121.0,137.0,16.0,122.0,45.0,Giraffe,BBR,Yes,alive,alive
Plot 68,P68-37,140,140,0.0,40,Yes,,SBB,79,Elephant,TP,,140.0,140.0,0.0,79.0,40.0,Elephant,TP,Yes,alive,alive
Plot 68,P68-38,140,198,58.0,40,Yes,,TSO,145,Giraffe,TP,,140.0,198.0,58.0,145.0,40.0,Giraffe,TP,Yes,alive,alive
Plot 68,P68-39,224,247,23.0,110,Yes,,SBB,138,Elephant,BBR,"No tag, ribbon found",224.0,247.0,23.0,138.0,110.0,Elephant,BBR,Yes,alive,alive
Plot 68,P68-40,285,338,53.0,75,Yes,,SBB,146,Elephant,BBR,Distance 1m,285.0,338.0,53.0,146.0,75.0,Elephant,BBR,Yes,alive,alive
Plot 68,P68-41,257,268,11.0,100,Yes,,SBB,182,Elephant,BBR,,257.0,268.0,11.0,182.0,100.0,Elephant,BBR,Yes,alive,alive
Plot 68,P68-42,120,125,5.0,50,Yes,,SBB,104,Rhino,BBR,Drying up,120.0,125.0,5.0,104.0,50.0,Rhino,BBR,Yes,alive,alive
Plot 68,P68-43,167,15,-152.0,60,Yes,,MSB,15,Rhino,BBR,,167.0,15.0,-152.0,15.0,60.0,Rhino,BBR,Yes,alive,alive
Plot 68,P68-44,43,30,-13.0,20,Yes,,MSB,20,Rhino,BBR,Distance 9,43.0,30.0,-13.0,20.0,20.0,Rhino,BBR,Yes,alive,alive
Plot 68,P68-45,30,56,26.0,50,Yes,,MSB,23,Rhino,BBR,,30.0,56.0,26.0,23.0,50.0,Rhino,BBR,Yes,alive,alive
Plot 68,P68-46,53,,-53.0,,No,,,,,,Missing,53.0,,-53.0,,,,,No,alive,missing
Plot 68,P68-47,133,128,-5.0,70,Yes,,MSB,128,Elephant,BBR,,133.0,128.0,-5.0,128.0,70.0,Elephant,BBR,Yes,alive,alive
Plot 68,P68-48,60,13,-47.0,30,Yes,,MSB,13,Rhino,BBR,,60.0,13.0,-47.0,13.0,30.0,Rhino,BBR,Yes,alive,alive
Plot 68,P68-49,232,243,11.0,80,Yes,,SBB,160,Elephant,TP,,232.0,243.0,11.0,160.0,80.0,Elephant,TP,Yes,alive,alive
Plot 68,P68-50,305,350,45.0,140,Yes,,SBB,152,Elephant,TP,,305.0,350.0,45.0,152.0,140.0,Elephant,TP,Yes,alive,alive
Plot 69,P69-01,340,327,-13.0,130,Yes,,TSO,327,Giraffe,,,340.0,327.0,-13.0,327.0,130.0,Giraffe,,Yes,alive,alive
Plot 69,P69-02,239,217,-22.0,100,Yes,,SBB,206,Elephant,,,239.0,217.0,-22.0,206.0,100.0,Elephant,,Yes,alive,alive
Plot 69,P69-03,294,,-294.0,,No,,,,,,Missing,294.0,,-294.0,,,,,No,alive,missing
Plot 69,P69-04,135,153,18.0,30,Yes,,MSB,127,Elephant,TP,,135.0,153.0,18.0,127.0,30.0,Elephant,TP,Yes,alive,alive
Plot 69,P69-05,25,10,-15.0,10,Yes,,MSB,10,Rhino,,,25.0,10.0,-15.0,10.0,10.0,Rhino,,Yes,alive,alive
Plot 69,P69-06,85,88,3.0,30,Yes,,MSB,78,Rhino,RRB,,85.0,88.0,3.0,78.0,30.0,Rhino,RRB,Yes,alive,alive
Plot 69,P69-07,200,185,-15.0,50,Yes,,SBB,106,Other,TP,,200.0,185.0,-15.0,106.0,50.0,Other,TP,Yes,alive,alive
Plot 69,P69-08,175,197,22.0,40,Yes,,TSO,107,Giraffe,,,175.0,197.0,22.0,107.0,40.0,Giraffe,,Yes,alive,alive
Plot 69,P69-09,50,60,10.0,30,Yes,,MSB,50,Rhino,TP,,50.0,60.0,10.0,50.0,30.0,Rhino,TP,Yes,alive,alive
Plot 69,P69-10,50,49,-1.0,5,Yes,,SBB,12,Rhino,,,50.0,49.0,-1.0,12.0,5.0,Rhino,,Yes,alive,alive
Plot 69,P69-11,70,128,58.0,50,Yes,,SBB,90,Rhino,TP,,70.0,128.0,58.0,90.0,50.0,Rhino,TP,Yes,alive,alive
Plot 69,P69-12,169,186,17.0,40,Yes,,TSO,162,Giraffe,TP,,169.0,186.0,17.0,162.0,40.0,Giraffe,TP,Yes,alive,alive
Plot 69,P69-13,100,80,-20.0,40,Yes,,MSB,89,Rhino,,,100.0,80.0,-20.0,89.0,40.0,Rhino,,Yes,alive,alive
Plot 69,P69-14,33,,-33.0,,No,,,,,,Missing,33.0,,-33.0,,,,,No,alive,missing
Plot 69,P69-15,352,,-352.0,,No,,,,,,Dead stamp tag found,352.0,,-352.0,,,,,No,alive,dead
Plot 69,P69-16,30,39,9.0,15,Yes,,MSB,14,Rhino,RRB,,30.0,39.0,9.0,14.0,15.0,Rhino,RRB,Yes,alive,alive
Plot 69,P69-17,283,304,21.0,70,Yes,,SBB,214,Elephant,RRB,,283.0,304.0,21.0,214.0,70.0,Elephant,RRB,Yes,alive,alive
Plot 69,P69-18,165,183,18.0,60,Yes,,SBB,106,Other,TP,Tag missing,165.0,183.0,18.0,106.0,60.0,Other,TP,Yes,alive,missing
Plot 69,P69-19,198,199,1.0,60,Yes,,SBB,96,Elephant,RRB,,198.0,199.0,1.0,96.0,60.0,Elephant,RRB,Yes,alive,alive
Plot 69,P69-20,116,139,23.0,30,Yes,,SBB,93,Other,TP,Tag missing,116.0,139.0,23.0,93.0,30.0,Other,TP,Yes,alive,missing
Plot 69,P69-21,174,199,25.0,40,Yes,,MSB,149,Elephant,,,174.0,199.0,25.0,149.0,40.0,Elephant,,Yes,alive,alive
Plot 69,P69-22,320,327,7.0,50,Yes,,SBB,152,Elephant,TP,,320.0,327.0,7.0,152.0,50.0,Elephant,TP,Yes,alive,alive
Plot 69,P69-23,204,243,39.0,50,Yes,,MSB,137,Elephant,TP,,204.0,243.0,39.0,137.0,50.0,Elephant,TP,Yes,alive,alive
Plot 69,P69-24,353,353,0.0,110,Yes,,MSB,327,Giraffe,TP,,353.0,353.0,0.0,327.0,110.0,Giraffe,TP,Yes,alive,alive
Plot 69,P69-25,82,95,13.0,20,Yes,,TSO,81,Other,TP,,82.0,95.0,13.0,81.0,20.0,Other,TP,Yes,alive,alive
Plot 69,P69-26,95,111,16.0,20,No,,,,,TP,,95.0,111.0,16.0,,20.0,,TP,No,alive,alive
Plot 69,P69-27,90,117,27.0,35,Yes,,MSB,95,Rhino,,,90.0,117.0,27.0,95.0,35.0,Rhino,,Yes,alive,alive
Plot 69,P69-28,110,143,33.0,30,Yes,,TSO,126,Other,TP,,110.0,143.0,33.0,126.0,30.0,Other,TP,Yes,alive,alive
Plot 69,P69-29,100,100,0.0,30,Yes,,TSO,93,Rhino,,,100.0,100.0,0.0,93.0,30.0,Rhino,,Yes,alive,alive
Plot 69,P69-30,40,49,9.0,50,Yes,,MSB,49,Rhino,,,40.0,49.0,9.0,49.0,50.0,Rhino,,Yes,alive,alive
Plot 69,P69-31,70,77,7.0,20,Yes,,MSB,77,Rhino,TP,,70.0,77.0,7.0,77.0,20.0,Rhino,TP,Yes,alive,alive
Plot 69,P69-32,389,392,3.0,150,Yes,,SBB,314,Elephant,,,389.0,392.0,3.0,314.0,150.0,Elephant,,Yes,alive,alive
Plot 69,P69-33,135,153,18.0,50,Yes,,SBB,129,Elephant,,,135.0,153.0,18.0,129.0,50.0,Elephant,,Yes,alive,alive
Plot 69,P69-34,255,273,18.0,90,Yes,,SBB,156,Elephant,,,255.0,273.0,18.0,156.0,90.0,Elephant,,Yes,alive,alive
Plot 69,P69-35,30,55,25.0,50,Yes,,MSB,27,Elephant,AB,,30.0,55.0,25.0,27.0,50.0,Elephant,AB,Yes,alive,alive
Plot 69,P69-36,136,88,-48.0,20,Yes,,MSD,88,Elephant,BBR,,136.0,88.0,-48.0,88.0,20.0,Elephant,BBR,Yes,alive,alive
Plot 69,P69-37,151,177,26.0,40,Yes,,SBB,77,Rhino,TP,,151.0,177.0,26.0,77.0,40.0,Rhino,TP,Yes,alive,alive
Plot 69,P69-38,30,53,23.0,50,Yes,,MSB,7,Other,,,30.0,53.0,23.0,7.0,50.0,Other,,Yes,alive,alive
Plot 69,P69-39,30,30,0.0,10,Yes,,MSB,10,Rhino,,,30.0,30.0,0.0,10.0,10.0,Rhino,,Yes,alive,alive
Plot 69,P69-40,163,187,24.0,40,Yes,,MSB,137,Other,,,163.0,187.0,24.0,137.0,40.0,Other,,Yes,alive,alive
Plot 69,P69-41,117,142,25.0,60,Yes,,TSO,135,Giraffe,TP,,117.0,142.0,25.0,135.0,60.0,Giraffe,TP,Yes,alive,alive
Plot 69,P69-42,153,81,-72.0,40,Yes,,MSB,81,Elephant,TP,,153.0,81.0,-72.0,81.0,40.0,Elephant,TP,Yes,alive,alive
Plot 69,P69-43,312,334,22.0,90,Yes,,MSD,179,Elephant,,Fresh damage,312.0,334.0,22.0,179.0,90.0,Elephant,,Yes,alive,alive
Plot 69,P69-44,223,,-223.0,,,,,,,,Dead tag found,223.0,,-223.0,,,,,,alive,dead
Plot 69,P69-45,238,285,47.0,120,Yes,,SBB,158,Elephant,TP,,238.0,285.0,47.0,158.0,120.0,Elephant,TP,Yes,alive,alive
Plot 69,P69-46,235,249,14.0,100,Yes,,SBB,173,Elephant,TP,,235.0,249.0,14.0,173.0,100.0,Elephant,TP,Yes,alive,alive
Plot 69,P69-47,172,163,-9.0,70,Yes,,SBB,120,Elephant,,,172.0,163.0,-9.0,120.0,70.0,Elephant,,Yes,alive,alive
Plot 69,P69-48,90,131,41.0,40,Yes,,SBB,58,Other,TP,,90.0,131.0,41.0,58.0,40.0,Other,TP,Yes,alive,alive
Plot 69,P69-49,239,262,23.0,80,Yes,,MSB,158,Elephant,TP,,239.0,262.0,23.0,158.0,80.0,Elephant,TP,Yes,alive,alive
Plot 69,P69-50,74,95,21.0,40,Yes,,SBB,42,Other,TP,,74.0,95.0,21.0,42.0,40.0,Other,TP,Yes,alive,alive
Plot 73,P73-01,353,352,-1.0,100,Yes,,SBB,182,Elephant,,,353.0,352.0,-1.0,182.0,100.0,Elephant,,Yes,alive,alive
Plot 73,P73-02,116,144,28.0,40,Yes,,TSO,133,Giraffe,TP,,116.0,144.0,28.0,133.0,40.0,Giraffe,TP,Yes,alive,alive
Plot 73,P73-03,40,65,25.0,40,New,,TSO,58,Impala,TP,,40.0,65.0,25.0,58.0,40.0,Other,TP,New,alive,alive
Plot 73,P73-04,99,50,-49.0,30,Yes,,MSB,50,Elephant,,Dried up,99.0,50.0,-49.0,50.0,30.0,Elephant,,Yes,alive,alive
Plot 73,P73-05,329,330,1.0,130,Yes,,SBB,260,Elephant,,,329.0,330.0,1.0,260.0,130.0,Elephant,,Yes,alive,alive
Plot 73,P73-06,240,241,1.0,70,Yes,,SBB,199,Elephant,,Tag missing,240.0,241.0,1.0,199.0,70.0,Elephant,,Yes,alive,missing
Plot 73,P73-07,39,44,5.0,20,Yes,,TSO,31,Rhino,,,39.0,44.0,5.0,31.0,20.0,Rhino,,Yes,alive,alive
Plot 73,P73-08,267,286,19.0,80,Yes,,SBB,141,Elephant,,,267.0,286.0,19.0,141.0,80.0,Elephant,,Yes,alive,alive
Plot 73,P73-09,129,142,13.0,40,Yes,,TSO,93,Giraffe,TP,,129.0,142.0,13.0,93.0,40.0,Giraffe,TP,Yes,alive,alive
Plot 73,P73-10,145,130,-15.0,80,Yes,,MSB,130,Elephant,,Drying up,145.0,130.0,-15.0,130.0,80.0,Elephant,,Yes,alive,alive
Plot 73,P73-11,130,164,34.0,50,Yes,,TSO,78,Rhino,TP,,130.0,164.0,34.0,78.0,50.0,Rhino,TP,Yes,alive,alive
Plot 73,P73-12,33,47,14.0,15,Yes,,TSO,47,Rhino,,,33.0,47.0,14.0,47.0,15.0,Rhino,,Yes,alive,alive
Plot 73,P73-13,153,160,7.0,80,Yes,,SBB,109,Elephant,TP,,153.0,160.0,7.0,109.0,80.0,Elephant,TP,Yes,alive,alive
Plot 73,P73-14,32,30,-2.0,5,Yes,,TSO,18,Rhino,BBR,,32.0,30.0,-2.0,18.0,5.0,Rhino,BBR,Yes,alive,alive
Plot 73,P73-15,89,90,1.0,70,Yes,,MSB,90,Elephant,,,89.0,90.0,1.0,90.0,70.0,Elephant,,Yes,alive,alive
Plot 73,P73-16,153,171,18.0,40,Yes,,SBB,103,Elephant,,,153.0,171.0,18.0,103.0,40.0,Elephant,,Yes,alive,alive
Plot 73,P73-17,41,20,-21.0,5,Yes,,MSB,20,Rhino,,,41.0,20.0,-21.0,20.0,5.0,Rhino,,Yes,alive,alive
Plot 73,P73-18,134,135,1.0,50,Yes,,TSO,122,Giraffe,TP,,134.0,135.0,1.0,122.0,50.0,Giraffe,TP,Yes,alive,alive
Plot 73,P73-19,85,90,5.0,30,Yes,,TSO,66,Giraffe,TP,,85.0,90.0,5.0,66.0,30.0,Giraffe,TP,Yes,alive,alive
Plot 73,P73-20,175,196,21.0,50,Yes,,SBB,105,Rhino,,,175.0,196.0,21.0,105.0,50.0,Rhino,,Yes,alive,alive
Plot 73,P73-21,109,152,43.0,50,Yes,,SBB,80,Rhino,TP,,109.0,152.0,43.0,80.0,50.0,Rhino,TP,Yes,alive,alive
Plot 73,P73-22,21,30,9.0,5,Yes,,TSO,15,Impala,,Tag missing,21.0,30.0,9.0,15.0,5.0,Other,,Yes,alive,missing
Plot 73,P73-23,34,47,13.0,10,Yes,,TSO,23,Rhino,,,34.0,47.0,13.0,23.0,10.0,Rhino,,Yes,alive,alive
Plot 73,P73-24,10,11,1.0,40,Yes,,MSB,11,Elephant,,,10.0,11.0,1.0,11.0,40.0,Elephant,,Yes,alive,alive
Plot 73,P73-25,182,202,20.0,50,Yes,,SBB,143,Giraffe,,,182.0,202.0,20.0,143.0,50.0,Giraffe,,Yes,alive,alive
Plot 73,P73-26,35,141,106.0,40,Yes,,TSO,97,Rhino,TP,,35.0,141.0,106.0,97.0,40.0,Rhino,TP,Yes,alive,alive
Plot 73,P73-27,107,40,-67.0,10,Yes,,TSO,39,Rhino,,,107.0,40.0,-67.0,39.0,10.0,Rhino,,Yes,alive,alive
Plot 73,P73-28,51,33,-18.0,10,Yes,,MSB,33,Elephant,,,51.0,33.0,-18.0,33.0,10.0,Elephant,,Yes,alive,alive
Plot 73,P73-29,237,224,-13.0,100,Yes,,SBB,130,Elephant,TP,,237.0,224.0,-13.0,130.0,100.0,Elephant,TP,Yes,alive,alive
Plot 73,P73-30,156,158,2.0,60,Yes,,TSO,113,Giraffe,TP,,156.0,158.0,2.0,113.0,60.0,Giraffe,TP,Yes,alive,alive
Plot 73,P73-31,351,367,16.0,120,Yes,,SBB,284,Elephant,,,351.0,367.0,16.0,284.0,120.0,Elephant,,Yes,alive,alive
Plot 73,P73-32,212,195,-17.0,60,Yes,,SBB,161,Elephant,,Drying up tag missing,212.0,195.0,-17.0,161.0,60.0,Elephant,,Yes,alive,missing
Plot 73,P73-33,74,93,19.0,40,Yes,,TSO,54,Rhino,TP,,74.0,93.0,19.0,54.0,40.0,Rhino,TP,Yes,alive,alive
Plot 73,P73-34,143,169,26.0,40,Yes,,TSO,110,Giraffe,TP,,143.0,169.0,26.0,110.0,40.0,Giraffe,TP,Yes,alive,alive
Plot 73,P73-35,147,162,15.0,40,Yes,,TSO,96,Giraffe,,,147.0,162.0,15.0,96.0,40.0,Giraffe,,Yes,alive,alive
Plot 73,P73-36,181,185,4.0,80,Yes,,SBB,146,Elephant,TP,Tag missing,181.0,185.0,4.0,146.0,80.0,Elephant,TP,Yes,alive,missing
Plot 73,P73-37,136,164,28.0,50,Yes,,TSO,117,Giraffe,TP,,136.0,164.0,28.0,117.0,50.0,Giraffe,TP,Yes,alive,alive
Plot 73,P73-38,154,158,4.0,60,Yes,,SBB,115,Elephant,TP,,154.0,158.0,4.0,115.0,60.0,Elephant,TP,Yes,alive,alive
Plot 73,P73-39,157,172,15.0,50,Yes,,SBB,112,Rhino,TP,,157.0,172.0,15.0,112.0,50.0,Rhino,TP,Yes,alive,alive
Plot 73,P73-40,144,120,-24.0,40,Yes,,SBB,56,Elephant,,Tag missing,144.0,120.0,-24.0,56.0,40.0,Elephant,,Yes,alive,missing
Plot 73,P73-41,47,70,23.0,20,Yes,,TSO,67,Rhino,,,47.0,70.0,23.0,67.0,20.0,Rhino,,Yes,alive,alive
Plot 73,P73-42,33,88,55.0,20,Yes,,TSO,88,Giraffe,TP,,33.0,88.0,55.0,88.0,20.0,Giraffe,TP,Yes,alive,alive
Plot 73,P73-43,146,,-146.0,,No,,,,,,Dead tag missing,146.0,,-146.0,,,,,No,alive,missing
Plot 73,P73-44,185,143,-42.0,30,Yes,,MSB,74,Elephant,,,185.0,143.0,-42.0,74.0,30.0,Elephant,,Yes,alive,alive
Plot 73,P73-45,186,202,16.0,40,Yes,,MSB,146,Elephant,,,186.0,202.0,16.0,146.0,40.0,Elephant,,Yes,alive,alive
Plot 73,P73-46,198,196,-2.0,30,Yes,,TSO,85,Rhino,TP,,198.0,196.0,-2.0,85.0,30.0,Rhino,TP,Yes,alive,alive
Plot 73,P73-47,96,85,-11.0,30,Yes,,MSB,50,Rhino,BBR,,96.0,85.0,-11.0,50.0,30.0,Rhino,BBR,Yes,alive,alive
Plot 73,P73-48,155,182,27.0,50,Yes,,SBB,110,Other,,Tag missing,155.0,182.0,27.0,110.0,50.0,Other,,Yes,alive,missing
Plot 73,P73-49,279,289,10.0,90,Yes,,MSB,200,Elephant,BHA,,279.0,289.0,10.0,200.0,90.0,Elephant,BHA,Yes,alive,alive
Plot 73,P73-50,291,292,1.0,60,Yes,,MSB,292,Elephant,TP,,291.0,292.0,1.0,292.0,60.0,Elephant,TP,Yes,alive,alive
Plot 78,P78-01,454,442,-12.0,140,Yes,,SBB,406,Elephant,RRB,,454.0,442.0,-12.0,406.0,140.0,Elephant,RRB,Yes,alive,alive
Plot 78,P78-02,48,36,-12.0,10,Yes,,MSB,36,Rhino,,,48.0,36.0,-12.0,36.0,10.0,Rhino,,Yes,alive,alive
Plot 78,P78-03,112,113,1.0,50,Yes,,TSO,47,Rhino,BBR,,112.0,113.0,1.0,47.0,50.0,Rhino,BBR,Yes,alive,alive
Plot 78,P78-04,24,24,0.0,40,Yes,,MSB,24,Rhino,,Dead standing,24.0,24.0,0.0,24.0,40.0,Rhino,,Yes,alive,dead
Plot 78,P78-05,344,369,25.0,60,Yes,,TSO,174,Giraffe,RRB,,344.0,369.0,25.0,174.0,60.0,Giraffe,RRB,Yes,alive,alive
Plot 78,P78-06,183,225,42.0,80,Yes,,SBB,124,Elephant,TP,,183.0,225.0,42.0,124.0,80.0,Elephant,TP,Yes,alive,alive
Plot 78,P78-07,233,255,22.0,70,Yes,,TSO,255,Giraffe,RRB,,233.0,255.0,22.0,255.0,70.0,Giraffe,RRB,Yes,alive,alive
Plot 78,P78-08,215,225,10.0,70,Yes,,SBB,211,Elephant,TP,,215.0,225.0,10.0,211.0,70.0,Elephant,TP,Yes,alive,alive
Plot 78,P78-09,106,130,24.0,40,Yes,,TSO,100,Rhino,TP,,106.0,130.0,24.0,100.0,40.0,Rhino,TP,Yes,alive,alive
Plot 78,P78-10,190,114,-76.0,60,Yes,,MSB,114,Elephant,,Dead standing,190.0,114.0,-76.0,114.0,60.0,Elephant,,Yes,alive,dead
Plot 78,P78-11,167,162,-5.0,60,Yes,,TSO,142,Elephant,TP,,167.0,162.0,-5.0,142.0,60.0,Elephant,TP,Yes,alive,alive
Plot 78,P78-12,185,181,-4.0,70,Yes,,MSB,5,Elephant,TP,,185.0,181.0,-4.0,5.0,70.0,Elephant,TP,Yes,alive,alive
Plot 78,P78-13,143,162,19.0,50,Yes,,TSO,135,Giraffe,TP,,143.0,162.0,19.0,135.0,50.0,Giraffe,TP,Yes,alive,alive
Plot 78,P78-14,56,,-56.0,,Yes,,,,Elephant,,Dead tag missing,56.0,,-56.0,,,Elephant,,Yes,alive,missing
Plot 78,P78-15,14,36,22.0,5,No,,,,,,,14.0,36.0,22.0,,5.0,,,No,alive,alive
Plot 78,P78-16,34,,-34.0,,No,,,,,,Missing,34.0,,-34.0,,,,,No,alive,missing
Plot 78,P78-17,223,250,27.0,60,Yes,,TSO,134,Rhino,RRB,,223.0,250.0,27.0,134.0,60.0,Rhino,RRB,Yes,alive,alive
Plot 78,P78-18,96,87,-9.0,60,Yes,,MSB,87,Elephant,,,96.0,87.0,-9.0,87.0,60.0,Elephant,,Yes,alive,alive
Plot 78,P78-19,24,,-24.0,,No,,,,,,Missing,24.0,,-24.0,,,,,No,alive,missing
Plot 78,P78-20,18,45,27.0,10,Yes,,,,,TP,,18.0,45.0,27.0,,10.0,,TP,Yes,alive,alive
Plot 78,P78-21,232,84,-148.0,70,Yes,,MSB,84,Elephant,BBR,,232.0,84.0,-148.0,84.0,70.0,Elephant,BBR,Yes,alive,alive
Plot 78,P78-22,231,266,35.0,80,Yes,,SBB,130,Rhino,BBR,,231.0,266.0,35.0,130.0,80.0,Rhino,BBR,Yes,alive,alive
Plot 78,P78-23,252,275,23.0,70,Yes,,SBB,136,Elephant,TP,,252.0,275.0,23.0,136.0,70.0,Elephant,TP,Yes,alive,alive
Plot 78,P78-24,150,169,19.0,50,Yes,,SBB,75,Rhino,BBR,,150.0,169.0,19.0,75.0,50.0,Rhino,BBR,Yes,alive,alive
Plot 78,P78-25,229,243,14.0,80,Yes,,TSO,211,Giraffe,RRB,,229.0,243.0,14.0,211.0,80.0,Giraffe,RRB,Yes,alive,alive
Plot 78,P78-26,148,153,5.0,50,Yes,,TSO,142,Giraffe,AB,,148.0,153.0,5.0,142.0,50.0,Giraffe,AB,Yes,alive,alive
Plot 78,P78-27,93,87,-6.0,60,Yes,,MSB,87,Elephant,,,93.0,87.0,-6.0,87.0,60.0,Elephant,,Yes,alive,alive
Plot 78,P78-28,178,154,-24.0,112,Yes,,MSB,56,Elephant,TP,Regrowing,178.0,154.0,-24.0,56.0,112.0,Elephant,TP,Yes,alive,alive
Plot 78,P78-29,375,395,20.0,140,Yes,,TSO,250,Giraffe,AB,,375.0,395.0,20.0,250.0,140.0,Giraffe,AB,Yes,alive,alive
Plot 78,P78-30,321,260,-61.0,80,Yes,,SBB,230,Elephant,AB,,321.0,260.0,-61.0,230.0,80.0,Elephant,AB,Yes,alive,alive
Plot 78,P78-31,236,263,27.0,95,Yes,,SBB,174,Elephant,AB,,236.0,263.0,27.0,174.0,95.0,Elephant,AB,Yes,alive,alive
Plot 78,P78-32,251,255,4.0,100,Yes,,SBB,143,Elephant,BBR,,251.0,255.0,4.0,143.0,100.0,Elephant,BBR,Yes,alive,alive
Plot 78,P78-33,144,178,34.0,55,Yes,,SBB,83,Rhino,AB,,144.0,178.0,34.0,83.0,55.0,Rhino,AB,Yes,alive,alive
Plot 78,P78-34,396,390,-6.0,170,Yes,,SBB,253,Elephant,,Tag missing,396.0,390.0,-6.0,253.0,170.0,Elephant,,Yes,alive,missing
Plot 78,P78-35,179,183,4.0,50,Yes,,TSO,148,Giraffe,,,179.0,183.0,4.0,148.0,50.0,Giraffe,,Yes,alive,alive
Plot 78,P78-36,254,255,1.0,85,Yes,,SBB,180,Giraffe,AB,,254.0,255.0,1.0,180.0,85.0,Giraffe,AB,Yes,alive,alive
Plot 78,P78-37,134,144,10.0,50,Yes,,TSO,160,Rhino,AB,,134.0,144.0,10.0,160.0,50.0,Rhino,AB,Yes,alive,alive
Plot 78,P78-38,166,190,24.0,55,Yes,,TSO,160,Giraffe,TP,,166.0,190.0,24.0,160.0,55.0,Giraffe,TP,Yes,alive,alive
Plot 78,P78-39,207,245,38.0,60,Yes,,TSO,195,Giraffe,TP,,207.0,245.0,38.0,195.0,60.0,Giraffe,TP,Yes,alive,alive
Plot 78,P78-40,247,348,101.0,90,Yes,,SBB,136,Elephant,TP,,247.0,348.0,101.0,136.0,90.0,Elephant,TP,Yes,alive,alive
Plot 78,P78-41,86,50,-36.0,65,Yes,,TSO,50,Elephant,,,86.0,50.0,-36.0,50.0,65.0,Elephant,,Yes,alive,alive
Plot 78,P78-42,199,97,-102.0,70,Yes,,SBB,80,Elephant,TP,,199.0,97.0,-102.0,80.0,70.0,Elephant,TP,Yes,alive,alive
Plot 78,P78-43,154,165,11.0,40,Yes,,TSO,85,Drought,RRB,,154.0,165.0,11.0,85.0,40.0,Drought/Natural,RRB,Yes,alive,alive
Plot 78,P78-44,206,216,10.0,40,Yes,,MSB,183,Elephant,"AB,CMP",,206.0,216.0,10.0,183.0,40.0,Elephant,"AB, CMP",Yes,alive,alive
Plot 78,P78-45,87,77,-10.0,45,Yes,,MSB,63,Elephant,,,87.0,77.0,-10.0,63.0,45.0,Elephant,,Yes,alive,alive
Plot 78,P78-46,193,210,17.0,50,Yes,,TSO,175,Other,TP,,193.0,210.0,17.0,175.0,50.0,Other,TP,Yes,alive,alive
Plot 78,P78-47,191,130,-61.0,40,Yes,,MSB,118,Elephant,TP,,191.0,130.0,-61.0,118.0,40.0,Elephant,TP,Yes,alive,alive
Plot 78,P78-48,158,59,-99.0,40,Yes,,MSB,59,Rhino,,,158.0,59.0,-99.0,59.0,40.0,Rhino,,Yes,alive,alive
Plot 78,P78-49,110,109,-1.0,70,Yes,,MSB,109,Elephant,TP,,110.0,109.0,-1.0,109.0,70.0,Elephant,TP,Yes,alive,alive
Plot 78,P78-50,403,427,24.0,100,Yes,,SBB,112,Other,RRB,,403.0,427.0,24.0,112.0,100.0,Other,RRB,Yes,alive,alive
Plot 79,P79-01,262,291,29.0,70,Yes,,SBB,153,Elephant,,,262.0,291.0,29.0,153.0,70.0,Elephant,,Yes,alive,alive
Plot 79,P79-02,133,140,7.0,40,Yes,,SBB,106,Rhino,BBR,,133.0,140.0,7.0,106.0,40.0,Rhino,BBR,Yes,alive,alive
Plot 79,P79-03,178,146,-32.0,60,Yes,,MSB,109,Elephant,,Drying up,178.0,146.0,-32.0,109.0,60.0,Elephant,,Yes,alive,alive
Plot 79,P79-04,35,50,15.0,50,Yes,,MSB,32,Rhino,AB,,35.0,50.0,15.0,32.0,50.0,Rhino,AB,Yes,alive,alive
Plot 79,P79-05,132,149,17.0,50,Yes,,SBB,76,Rhino,BBR,,132.0,149.0,17.0,76.0,50.0,Rhino,BBR,Yes,alive,alive
Plot 79,P79-06,165,160,-5.0,60,Yes,,SBB,80,Rhino,,,165.0,160.0,-5.0,80.0,60.0,Rhino,,Yes,alive,alive
Plot 79,P79-07,135,148,13.0,50,Yes,,SBB,113,Rhino,TP,,135.0,148.0,13.0,113.0,50.0,Rhino,TP,Yes,alive,alive
Plot 79,P79-08,32,69,37.0,40,Yes,,TSO,69,Giraffe,BBR,,32.0,69.0,37.0,69.0,40.0,Giraffe,BBR,Yes,alive,alive
Plot 79,P79-09,137,175,38.0,50,Yes,,SBB,105,Rhino,AB,,137.0,175.0,38.0,105.0,50.0,Rhino,AB,Yes,alive,alive
Plot 79,P79-10,90,138,48.0,40,Yes,,MSB,88,Elephant,TP,,90.0,138.0,48.0,88.0,40.0,Elephant,TP,Yes,alive,alive
Plot 79,P79-11,202,216,14.0,70,Yes,,SBB,108,Rhino,TP,,202.0,216.0,14.0,108.0,70.0,Rhino,TP,Yes,alive,alive
Plot 79,P79-12,65,60,-5.0,80,Yes,,MSB,60,Elephant,,,65.0,60.0,-5.0,60.0,80.0,Elephant,,Yes,alive,alive
Plot 79,P79-13,60,81,21.0,60,Yes,,MSB,60,Rhino,,,60.0,81.0,21.0,60.0,60.0,Rhino,,Yes,alive,alive
Plot 79,P79-14,86,,-86.0,,No,,,,,,Dead tag found,86.0,,-86.0,,,,,No,alive,dead
Plot 79,P79-15,113,120,7.0,50,Yes,,MSB,100,Elephant,BBR,,113.0,120.0,7.0,100.0,50.0,Elephant,BBR,Yes,alive,alive
Plot 79,P79-16,45,46,1.0,40,Yes,,MSB,37,Rhino,BBR,,45.0,46.0,1.0,37.0,40.0,Rhino,BBR,Yes,alive,alive
Plot 79,P79-17,121,160,39.0,30,Yes,,SBB,87,Rhino,TP,,121.0,160.0,39.0,87.0,30.0,Rhino,TP,Yes,alive,alive
Plot 79,P79-18,75,74,-1.0,50,Yes,,MSB,74,Elephant,,,75.0,74.0,-1.0,74.0,50.0,Elephant,,Yes,alive,alive
Plot 79,P79-19,135,133,-2.0,50,Yes,,SBB,96,Elephant,,,135.0,133.0,-2.0,96.0,50.0,Elephant,,Yes,alive,alive
Plot 79,P79-20,75,75,0.0,50,Yes,,MSB,75,Elephant,,,75.0,75.0,0.0,75.0,50.0,Elephant,,Yes,alive,alive
Plot 79,P79-21,119,116,-3.0,30,Yes,,SBB,57,Rhino,TP,,119.0,116.0,-3.0,57.0,30.0,Rhino,TP,Yes,alive,alive
Plot 79,P79-22,118,223,105.0,60,Yes,,TSO,203,Giraffe,TP,,118.0,223.0,105.0,203.0,60.0,Giraffe,TP,Yes,alive,alive
Plot 79,P79-23,170,128,-42.0,60,Yes,,TSO,171,Giraffe,,,170.0,128.0,-42.0,171.0,60.0,Giraffe,,Yes,alive,alive
Plot 79,P79-24,192,200,8.0,80,Yes,,MSB,110,Elephant,TP,,192.0,200.0,8.0,110.0,80.0,Elephant,TP,Yes,alive,alive
Plot 79,P79-25,203,221,18.0,50,Yes,,TSO,171,Giraffe,CMP,,203.0,221.0,18.0,171.0,50.0,Giraffe,CMP,Yes,alive,alive
Plot 79,P79-26,134,,-134.0,,,,,,,,Missing tag foung,134.0,,-134.0,,,,,,alive,missing
Plot 79,P79-27,37,37,0.0,30,Yes,,MSB,37,Rhino,,,37.0,37.0,0.0,37.0,30.0,Rhino,,Yes,alive,alive
Plot 79,P79-28,40,40,0.0,40,Yes,,MSB,40,Elephant,,,40.0,40.0,0.0,40.0,40.0,Elephant,,Yes,alive,alive
Plot 79,P79-29,186,133,-53.0,50,Yes,,SBB,133,Elephant,,,186.0,133.0,-53.0,133.0,50.0,Elephant,,Yes,alive,alive
Plot 79,P79-30,56,52,-4.0,40,Yes,,MSB,35,Rhino,BBR,,56.0,52.0,-4.0,35.0,40.0,Rhino,BBR,Yes,alive,alive
Plot 79,P79-31,165,202,37.0,50,Yes,,SBB,92,Rhino,TP,,165.0,202.0,37.0,92.0,50.0,Rhino,TP,Yes,alive,alive
Plot 79,P79-32,170,168,-2.0,70,Yes,,SBB,148,Elephant,TP,,170.0,168.0,-2.0,148.0,70.0,Elephant,TP,Yes,alive,alive
Plot 79,P79-33,140,199,59.0,30,Yes,,SBB,140,Elephant,,,140.0,199.0,59.0,140.0,30.0,Elephant,,Yes,alive,alive
Plot 79,P79-34,83,80,-3.0,30,Yes,,MSB,80,Rhino,,,83.0,80.0,-3.0,80.0,30.0,Rhino,,Yes,alive,alive
Plot 79,P79-35,72,120,48.0,20,Yes,,TSO,109,Giraffe,TP,,72.0,120.0,48.0,109.0,20.0,Giraffe,TP,Yes,alive,alive
Plot 79,P79-36,126,145,19.0,30,Yes,,SBB,74,Rhino,,,126.0,145.0,19.0,74.0,30.0,Rhino,,Yes,alive,alive
Plot 79,P79-37,191,197,6.0,100,Yes,,SBB,82,Rhino,,,191.0,197.0,6.0,82.0,100.0,Rhino,,Yes,alive,alive
Plot 79,P79-38,230,251,21.0,110,Yes,,SBB,153,Elephant,AB,,230.0,251.0,21.0,153.0,110.0,Elephant,AB,Yes,alive,alive
Plot 79,P79-39,156,187,31.0,50,Yes,,SBB,140,Elephant,TP,,156.0,187.0,31.0,140.0,50.0,Elephant,TP,Yes,alive,alive
Plot 79,P79-40,13,23,10.0,5,Yes,,TSO,10,Rhino,BBR,,13.0,23.0,10.0,10.0,5.0,Rhino,BBR,Yes,alive,alive
Plot 79,P79-41,153,170,17.0,70,Yes,,SBB,149,Elephant,BBR,,153.0,170.0,17.0,149.0,70.0,Elephant,BBR,Yes,alive,alive
Plot 79,P79-42,88,137,49.0,60,Yes,,SBB,92,Elephant,TP,,88.0,137.0,49.0,92.0,60.0,Elephant,TP,Yes,alive,alive
Plot 79,P79-43,62,40,-22.0,50,Yes,,MSB,40,Elephant,BBR,,62.0,40.0,-22.0,40.0,50.0,Elephant,BBR,Yes,alive,alive
Plot 79,P79-44,176,182,6.0,30,Yes,,TSO,155,Giraffe,,,176.0,182.0,6.0,155.0,30.0,Giraffe,,Yes,alive,alive
Plot 79,P79-45,68,62,-6.0,40,Yes,,MSB,53,Elephant,BBR,,68.0,62.0,-6.0,53.0,40.0,Elephant,BBR,Yes,alive,alive
Plot 79,P79-46,156,175,19.0,70,Yes,,TSO,162,Giraffe,AB,,156.0,175.0,19.0,162.0,70.0,Giraffe,AB,Yes,alive,alive
Plot 79,P79-47,239,242,3.0,70,Yes,,SBB,133,Elephant,TP,,239.0,242.0,3.0,133.0,70.0,Elephant,TP,Yes,alive,alive
Plot 79,P79-48,134,137,3.0,30,Yes,,TSO,137,Giraffe,BBR,,134.0,137.0,3.0,137.0,30.0,Giraffe,BBR,Yes,alive,alive
Plot 79,P79-49,67,54,-13.0,50,Yes,,MSB,54,Elephant,,,67.0,54.0,-13.0,54.0,50.0,Elephant,,Yes,alive,alive
Plot 79,P79-50,24,43,19.0,80,Yes,,MSB,16,Elephant,BBR,,24.0,43.0,19.0,16.0,80.0,Elephant,BBR,Yes,alive,alive
Plot 80,P80-01,463,245,-218.0,170,Yes,,MSB,88,Elephant,,,463.0,245.0,-218.0,88.0,170.0,Elephant,,Yes,alive,alive
Plot 80,P80-02,93.5,95,1.5,50,Yes,,MSB,95,Elephant,TP,,93.5,95.0,1.5,95.0,50.0,Elephant,TP,Yes,alive,alive
Plot 80,P80-03,25,30,5.0,5,Yes,,,,,,,25.0,30.0,5.0,,5.0,,,Yes,alive,alive
Plot 80,P80-04,340,348,8.0,110,Yes,,MSB,130,Giraffe,AB,,340.0,348.0,8.0,130.0,110.0,Giraffe,AB,Yes,alive,alive
Plot 80,P80-05,14,33,19.0,10,Yes,,MSB,12,Rhino,,,14.0,33.0,19.0,12.0,10.0,Rhino,,Yes,alive,alive
Plot 80,P80-06,229,138,-91.0,65,Yes,,MSB,138,Elephant,,,229.0,138.0,-91.0,138.0,65.0,Elephant,,Yes,alive,alive
Plot 80,P80-07,108,110,2.0,25,Yes,,MSB,110,Rhino,TP,,108.0,110.0,2.0,110.0,25.0,Rhino,TP,Yes,alive,alive
Plot 80,P80-08,264,259,-5.0,70,Yes,,TSO,258,Giraffe,BBR,,264.0,259.0,-5.0,258.0,70.0,Giraffe,BBR,Yes,alive,alive
Plot 80,P80-09,121,,-121.0,,No,,,,,,Dead tag found,121.0,,-121.0,,,,,No,alive,dead
Plot 80,P80-10,225,240,15.0,120,Yes,,TSO,170,"Elephant, Giraffe",TP,,225.0,240.0,15.0,170.0,120.0,Elephant,TP,Yes,alive,alive
Plot 80,P80-11,364,374,10.0,110,Yes,,"MSB,TSO",253,"Elephant, Giraffe",CMP,,364.0,374.0,10.0,253.0,110.0,Elephant,CMP,Yes,alive,alive
Plot 80,P80-12,18,26,8.0,2,No,,,,,,,18.0,26.0,8.0,,2.0,,,No,alive,alive
Plot 80,P80-13,230,236,6.0,95,Yes,,MSB,157,"Elephant, Giraffe","CMP,BHA",,230.0,236.0,6.0,157.0,95.0,Elephant,"CMP, BHA",Yes,alive,alive
Plot 80,P80-14,93,90,-3.0,50,Yes,,MSB,190,Elephant,,,93.0,90.0,-3.0,190.0,50.0,Elephant,,Yes,alive,alive
Plot 80,P80-15,260,307,47.0,80,Yes,,TSO,307,Giraffe,"CMP,BHA",,260.0,307.0,47.0,307.0,80.0,Giraffe,"CMP, BHA",Yes,alive,alive
Plot 80,P80-16,182,187,5.0,115,Yes,,MSB,20,Elephant,AB,Broken from the bottom,182.0,187.0,5.0,20.0,115.0,Elephant,AB,Yes,alive,alive
Plot 80,P80-17,15,29,14.0,5,Yes,,TSO,29,Other,TP,,15.0,29.0,14.0,29.0,5.0,Other,TP,Yes,alive,alive
Plot 80,P80-18,85,82,-3.0,40,Yes,,MSB,57,Elephant,,,85.0,82.0,-3.0,57.0,40.0,Elephant,,Yes,alive,alive
Plot 80,P80-19,238,230,-8.0,100,Yes,,TSO,230,Giraffe,"CMP,BHA",,238.0,230.0,-8.0,230.0,100.0,Giraffe,"CMP, BHA",Yes,alive,alive
Plot 80,P80-20,197,216,19.0,90,Yes,,TSO,184,"Elephant, Giraffe",TP,,197.0,216.0,19.0,184.0,90.0,Elephant,TP,Yes,alive,alive
Plot 80,P80-21,243,,-243.0,,No,,,,,,Dead standing,243.0,,-243.0,,,,,No,alive,dead
Plot 80,P80-22,41,46,5.0,60,Yes,,MSB,46,Elephant,TP,,41.0,46.0,5.0,46.0,60.0,Elephant,TP,Yes,alive,alive
Plot 80,P80-23,199,232,33.0,85,Yes,,MSB,154,Elephant,AB,,199.0,232.0,33.0,154.0,85.0,Elephant,AB,Yes,alive,alive
Plot 80,P80-24,38,35,-3.0,5,Yes,,TSO,35,Other,TP,,38.0,35.0,-3.0,35.0,5.0,Other,TP,Yes,alive,alive
Plot 80,P80-25,290,288,-2.0,140,Yes,,MSB,158,"Elephant, Giraffe",TP,,290.0,288.0,-2.0,158.0,140.0,Elephant,TP,Yes,alive,alive
Plot 80,P80-26,142,138,-4.0,50,Yes,,TSO,130,Natural,TP,,142.0,138.0,-4.0,130.0,50.0,Drought/Natural,TP,Yes,alive,alive
Plot 80,P80-27,264,298,34.0,120,Yes,,"MSB,TSO",180,"Elephant, Giraffe",BBR,,264.0,298.0,34.0,180.0,120.0,Elephant,BBR,Yes,alive,alive
Plot 80,P80-28,190,199,9.0,90,Yes,,TSO,182,Giraffe,,,190.0,199.0,9.0,182.0,90.0,Giraffe,,Yes,alive,alive
Plot 80,P80-29,27,23,-4.0,8,No,,,,,,,27.0,23.0,-4.0,,8.0,,,No,alive,alive
Plot 80,P80-30,333,264,-69.0,100,Yes,,MSB,130,Elephant,TP,,333.0,264.0,-69.0,130.0,100.0,Elephant,TP,Yes,alive,alive
Plot 80,P80-31,303,300,-3.0,110,Yes,,MSB,165,Elephant,AB,,303.0,300.0,-3.0,165.0,110.0,Elephant,AB,Yes,alive,alive
Plot 80,P80-32,375,401,26.0,160,No,,MSB,245,Elephant,TP,,375.0,401.0,26.0,245.0,160.0,Elephant,TP,No,alive,alive
Plot 80,P80-33,20,35,15.0,8,Yes,,,,,,,20.0,35.0,15.0,,8.0,,,Yes,alive,alive
Plot 80,P80-34,251,306,55.0,75,Yes,,TSO,128,"Elephant, Giraffe",CMP,,251.0,306.0,55.0,128.0,75.0,Elephant,CMP,Yes,alive,alive
Plot 80,P80-35,496,525,29.0,140,Yes,,TSO,291,"Elephant, Giraffe",TP,,496.0,525.0,29.0,291.0,140.0,Elephant,TP,Yes,alive,alive
Plot 80,P80-36,267,299,32.0,115,Yes,,MSB,190,Elephant,,,267.0,299.0,32.0,190.0,115.0,Elephant,,Yes,alive,alive
Plot 80,P80-37,178,,-178.0,,,,,,,,Dead,178.0,,-178.0,,,,,,alive,dead
Plot 80,P80-38,21,47,26.0,8,No,,,,,,,21.0,47.0,26.0,,8.0,,,No,alive,alive
Plot 80,P80-39,194,,-194.0,,,,,,,,Dead standing,194.0,,-194.0,,,,,,alive,dead
Plot 80,P80-40,193,205,12.0,35,Yes,,MSB,110,"Elephant, Giraffe",TP,,193.0,205.0,12.0,110.0,35.0,Elephant,TP,Yes,alive,alive
Plot 80,P80-41,167,196,29.0,70,Yes,,MSB,126,Elephant,,,167.0,196.0,29.0,126.0,70.0,Elephant,,Yes,alive,alive
Plot 80,P80-42,196,212,16.0,55,Yes,,TSO,157,Elephant,TP,,196.0,212.0,16.0,157.0,55.0,Elephant,TP,Yes,alive,alive
Plot 80,P80-43,37,67,30.0,12,Yes,,MSB,30,Elephant,TP,,37.0,67.0,30.0,30.0,12.0,Elephant,TP,Yes,alive,alive
Plot 80,P80-44,89,,-89.0,,,,,,,,Dead standing,89.0,,-89.0,,,,,,alive,dead
Plot 80,P80-45,33,31,-2.0,5,No,,,,,,,33.0,31.0,-2.0,,5.0,,,No,alive,alive
Plot 80,P80-46,186,,-186.0,,,,,,,,Dead standing,186.0,,-186.0,,,,,,alive,dead
Plot 80,P80-47,333,182,-151.0,75,Yes,,MSB,180,Elephant,AB,,333.0,182.0,-151.0,180.0,75.0,Elephant,AB,Yes,alive,alive
Plot 80,P80-48,257,290,33.0,90,Yes,,TSO,157,Elephant,"CMP,BHA",,257.0,290.0,33.0,157.0,90.0,Elephant,"CMP, BHA",Yes,alive,alive
Plot 80,P80-49,243,248,5.0,95,Yes,,MSB,144,"Elephant, Giraffe",CMP,,243.0,248.0,5.0,144.0,95.0,Elephant,CMP,Yes,alive,alive
Plot 80,P80-50,275,319,44.0,90,Yes,,MSB,242,Elephant,BHA,,275.0,319.0,44.0,242.0,90.0,Elephant,BHA,Yes,alive,alive
Plot 84,P84-01,343,327,-16.0,100,Yes,,SBB,308,Elephant,Natural,Drying up,343.0,327.0,-16.0,308.0,100.0,Elephant,NATURAL,Yes,alive,alive
Plot 84,P84-02,24,14,-10.0,5,Yes,,TSO,14,Rhino,BBR,,24.0,14.0,-10.0,14.0,5.0,Rhino,BBR,Yes,alive,alive
Plot 84,P84-03,199,206,7.0,80,Yes,,TSO,122,Giraffe,RRB,,199.0,206.0,7.0,122.0,80.0,Giraffe,RRB,Yes,alive,alive
Plot 84,P84-04,182,193,11.0,45,Yes,,SBB,172,Elephant,RRB,,182.0,193.0,11.0,172.0,45.0,Elephant,RRB,Yes,alive,alive
Plot 84,P84-05,208,220,12.0,65,Yes,,SBB,180,Elephant,RRB,,208.0,220.0,12.0,180.0,65.0,Elephant,RRB,Yes,alive,alive
Plot 84,P84-06,172,167,-5.0,60,Yes,,SBB,130,Elephant,BBR,,172.0,167.0,-5.0,130.0,60.0,Elephant,BBR,Yes,alive,alive
Plot 84,P84-07,201,188,-13.0,70,Yes,,SBB,103,Elephant,RRB,,201.0,188.0,-13.0,103.0,70.0,Elephant,RRB,Yes,alive,alive
Plot 84,P84-08,63,61,-2.0,55,Yes,,MSB,61,Elephant,BBR,,63.0,61.0,-2.0,61.0,55.0,Elephant,BBR,Yes,alive,alive
Plot 84,P84-09,85,,-85.0,,,,,,,,Dead tag found,85.0,,-85.0,,,,,,alive,dead
Plot 84,P84-10,215,230,15.0,55,Yes,,SBB,150,Elephant,RRB,,215.0,230.0,15.0,150.0,55.0,Elephant,RRB,Yes,alive,alive
Plot 84,P84-11,230,242,12.0,75,Yes,,TSO,149,Giraffe,BBR,,230.0,242.0,12.0,149.0,75.0,Giraffe,BBR,Yes,alive,alive
Plot 84,P84-12,64,65,1.0,75,Yes,,MSB,65,Elephant,BBR,,64.0,65.0,1.0,65.0,75.0,Elephant,BBR,Yes,alive,alive
Plot 84,P84-13,54,51,-3.0,83,Yes,,MSB,51,Elephant,,Tag missing ribbon found,54.0,51.0,-3.0,51.0,83.0,Elephant,,Yes,alive,missing
Plot 84,P84-14,32,29,-3.0,10,Yes,,MSB,29,Rhino,BBR,Tag missing ribbon found,32.0,29.0,-3.0,29.0,10.0,Rhino,BBR,Yes,alive,missing
Plot 84,P84-15,143,156,13.0,70,Yes,,TSO,144,Giraffe,BBR,,143.0,156.0,13.0,144.0,70.0,Giraffe,BBR,Yes,alive,alive
Plot 84,P84-16,119,118,-1.0,45,Yes,,TSO,118,Giraffe,BBR,,119.0,118.0,-1.0,118.0,45.0,Giraffe,BBR,Yes,alive,alive
Plot 84,P84-17,173,,-173.0,,,,,,,,Dead tag found,173.0,,-173.0,,,,,,alive,dead
Plot 84,P84-18,100,96,-4.0,80,Yes,,MSB,96,Elephant,BBR,,100.0,96.0,-4.0,96.0,80.0,Elephant,BBR,Yes,alive,alive
Plot 84,P84-19,72,60,-12.0,55,Yes,,MSB,60,Elephant,BBR,,72.0,60.0,-12.0,60.0,55.0,Elephant,BBR,Yes,alive,alive
Plot 84,P84-20,195,208,13.0,75,Yes,,SBB,130,Elephant,BBR,,195.0,208.0,13.0,130.0,75.0,Elephant,BBR,Yes,alive,alive
Plot 84,P84-21,242,270,28.0,85,Yes,,SBB,117,Elephant,BBR,,242.0,270.0,28.0,117.0,85.0,Elephant,BBR,Yes,alive,alive
Plot 84,P84-22,42,36,-6.0,65,Yes,,MSB,36,Elephant,BBR,,42.0,36.0,-6.0,36.0,65.0,Elephant,BBR,Yes,alive,alive
Plot 84,P84-23,138,145,7.0,70,Yes,,SBB,130,Elephant,BBR,,138.0,145.0,7.0,130.0,70.0,Elephant,BBR,Yes,alive,alive
Plot 84,P84-24,159,156,-3.0,35,Yes,,TSO,132,Elephant,BBR,,159.0,156.0,-3.0,132.0,35.0,Elephant,BBR,Yes,alive,alive
Plot 84,P84-25,199,216,17.0,75,Yes,,SBB,135,Elephant,RRB,,199.0,216.0,17.0,135.0,75.0,Elephant,RRB,Yes,alive,alive
Plot 84,P84-26,52,21,-31.0,10,Yes,,MSB,21,Elephant,BBR,,52.0,21.0,-31.0,21.0,10.0,Elephant,BBR,Yes,alive,alive
Plot 84,P84-27,18,25,7.0,20,,,,,,,,18.0,25.0,7.0,,20.0,,,,alive,alive
Plot 84,P84-28,21,37,16.0,10,Yes,,TSO,37,Rhino,BBR,,21.0,37.0,16.0,37.0,10.0,Rhino,BBR,Yes,alive,alive
Plot 84,P84-29,11,29,18.0,10,Yes,,,,,,,11.0,29.0,18.0,,10.0,,,Yes,alive,alive
Plot 84,P84-30,177,204,27.0,85,Yes,,TSO,187,Giraffe,BBR,,177.0,204.0,27.0,187.0,85.0,Giraffe,BBR,Yes,alive,alive
Plot 84,P84-31,17,33,16.0,10,Yes,,MSB,6,Rhino,BBR,,17.0,33.0,16.0,6.0,10.0,Rhino,BBR,Yes,alive,alive
Plot 84,P84-32,168,160,-8.0,40,Yes,,TSO,160,Giraffe,RRB,,168.0,160.0,-8.0,160.0,40.0,Giraffe,RRB,Yes,alive,alive
Plot 84,P84-33,345,357,12.0,100,Yes,,SBB,156,Elephant,RRB,,345.0,357.0,12.0,156.0,100.0,Elephant,RRB,Yes,alive,alive
Plot 84,P84-34,31,,-31.0,,,,,,,,Missing,31.0,,-31.0,,,,,,alive,missing
Plot 84,P84-35,35,24,-11.0,4,Yes,,MSB,251,Other,BBR,Tag missing ribbon found,35.0,24.0,-11.0,251.0,4.0,Other,BBR,Yes,alive,missing
Plot 84,P84-36,270,284,14.0,40,Yes,,SBB,168,,,,270.0,284.0,14.0,168.0,40.0,,,Yes,alive,alive
Plot 84,P84-37,25,22,-3.0,5,Yes,,MSB,15,Rhino,,,25.0,22.0,-3.0,15.0,5.0,Rhino,,Yes,alive,alive
Plot 84,P84-38,138,157,19.0,20,Yes,,TSO,128,Giraffe,AB,,138.0,157.0,19.0,128.0,20.0,Giraffe,AB,Yes,alive,alive
Plot 84,P84-39,452,489,37.0,140,Yes,,SBB,155,Other,,,452.0,489.0,37.0,155.0,140.0,Other,,Yes,alive,alive
Plot 84,P84-40,415,383,-32.0,110,Yes,,SBB,214,Elephant,,,415.0,383.0,-32.0,214.0,110.0,Elephant,,Yes,alive,alive
Plot 84,P84-41,216,234,18.0,30,Yes,,TSO,216,Giraffe,RRB,,216.0,234.0,18.0,216.0,30.0,Giraffe,RRB,Yes,alive,alive
Plot 84,P84-42,26,39,13.0,10,Yes,,MSB,15,Rhino,,,26.0,39.0,13.0,15.0,10.0,Rhino,,Yes,alive,alive
Plot 84,P84-43,155,,-155.0,,,,,,,,Dead,155.0,,-155.0,,,,,,alive,dead
Plot 84,P84-44,36,26,-10.0,2,Yes,,MSB,18,Rhino,AB,,36.0,26.0,-10.0,18.0,2.0,Rhino,AB,Yes,alive,alive
Plot 84,P84-45,21,30,9.0,5,Yes,,TSO,16,Other,,,21.0,30.0,9.0,16.0,5.0,Other,,Yes,alive,alive
Plot 84,P84-46,370,365,-5.0,110,Yes,,MSB,93,Other,RRB,Tag missing,370.0,365.0,-5.0,93.0,110.0,Other,RRB,Yes,alive,missing
Plot 84,P84-47,30,21,-9.0,5,Yes,,MSB,18,Rhino,,Missing,30.0,21.0,-9.0,18.0,5.0,Rhino,,Yes,alive,missing
Plot 84,P84-48,118,113,-5.0,80,Yes,,MSB,113,Elephant,,Drying up,118.0,113.0,-5.0,113.0,80.0,Elephant,,Yes,alive,alive
Plot 84,P84-49,27,33,6.0,4,Yes,,MSB,21,Other,AB,,27.0,33.0,6.0,21.0,4.0,Other,AB,Yes,alive,alive
Plot 84,P84-50,301,,-301.0,,,,,,,,Dead tag missing,301.0,,-301.0,,,,,,alive,missing
Plot 85,P85-01,397,359,-38.0,120,Yes,,SBB,229,Elephant,AB,,397.0,359.0,-38.0,229.0,120.0,Elephant,AB,Yes,alive,alive
Plot 85,P85-02,45,37,-8.0,5,Yes,,TSO,31,Other,,,45.0,37.0,-8.0,31.0,5.0,Other,,Yes,alive,alive
Plot 85,P85-03,310,310,0.0,110,Yes,,SBB,237,Elephant,TP,,310.0,310.0,0.0,237.0,110.0,Elephant,TP,Yes,alive,alive
Plot 85,P85-04,118,141,23.0,40,Yes,,TSO,131,Giraffe,AB,,118.0,141.0,23.0,131.0,40.0,Giraffe,AB,Yes,alive,alive
Plot 85,P85-05,250,240,-10.0,60,Yes,,TSO,232,Other,,,250.0,240.0,-10.0,232.0,60.0,Other,,Yes,alive,alive
Plot 85,P85-06,160,171,11.0,45,Yes,,TSO,136,Giraffe,TP,,160.0,171.0,11.0,136.0,45.0,Giraffe,TP,Yes,alive,alive
Plot 85,P85-07,53,24,-29.0,5,Yes,,MSB,24,Rhino,,,53.0,24.0,-29.0,24.0,5.0,Rhino,,Yes,alive,alive
Plot 85,P85-08,162,144,-18.0,40,Yes,,MSB,144,Elephant,TP,,162.0,144.0,-18.0,144.0,40.0,Elephant,TP,Yes,alive,alive
Plot 85,P85-09,220,252,32.0,50,Yes,,SBB,106,Other,AB,,220.0,252.0,32.0,106.0,50.0,Other,AB,Yes,alive,alive
Plot 85,P85-10,280,301,21.0,60,Yes,,TSO,244,Giraffe,AB,,280.0,301.0,21.0,244.0,60.0,Giraffe,AB,Yes,alive,alive
Plot 85,P85-11,154,170,16.0,40,Yes,,TSO,134,Giraffe,,,154.0,170.0,16.0,134.0,40.0,Giraffe,,Yes,alive,alive
Plot 85,P85-12,189,209,20.0,60,Yes,,TSO,129,Giraffe,TP,,189.0,209.0,20.0,129.0,60.0,Giraffe,TP,Yes,alive,alive
Plot 85,P85-13,104,76,-28.0,20,Yes,,TSO,53,Rhino,TP,,104.0,76.0,-28.0,53.0,20.0,Rhino,TP,Yes,alive,alive
Plot 85,P85-14,180,199,19.0,60,Yes,,TSO,149,Giraffe,,,180.0,199.0,19.0,149.0,60.0,Giraffe,,Yes,alive,alive
Plot 85,P85-15,265,266,1.0,160,Yes,,TSO,266,Giraffe,AB,,265.0,266.0,1.0,266.0,160.0,Giraffe,AB,Yes,alive,alive
Plot 85,P85-16,150,165,15.0,30,Yes,,SBB,89,Rhino,,,150.0,165.0,15.0,89.0,30.0,Rhino,,Yes,alive,alive
Plot 85,P85-17,190,211,21.0,80,Yes,,SBB,57,Drought,AB,,190.0,211.0,21.0,57.0,80.0,Drought/Natural,AB,Yes,alive,alive
Plot 85,P85-18,150,170,20.0,40,Yes,,TSO,151,Giraffe,AB,,150.0,170.0,20.0,151.0,40.0,Giraffe,AB,Yes,alive,alive
Plot 85,P85-19,102,52,-50.0,30,Yes,,MSB,52,Rhino,,,102.0,52.0,-50.0,52.0,30.0,Rhino,,Yes,alive,alive
Plot 85,P85-20,157,174,17.0,50,Yes,,TSO,174,Giraffe,,,157.0,174.0,17.0,174.0,50.0,Giraffe,,Yes,alive,alive
Plot 85,P85-21,172,180,8.0,70,Yes,,MSB,89,Elephant,,,172.0,180.0,8.0,89.0,70.0,Elephant,,Yes,alive,alive
Plot 85,P85-22,160,173,13.0,40,Yes,,SBB,95,Drought,,,160.0,173.0,13.0,95.0,40.0,Drought/Natural,,Yes,alive,alive
Plot 85,P85-23,175,166,-9.0,30,Yes,,SBB,129,Drought,,,175.0,166.0,-9.0,129.0,30.0,Drought/Natural,,Yes,alive,alive
Plot 85,P85-24,143,151,8.0,30,Yes,,SBB,110,Other,,,143.0,151.0,8.0,110.0,30.0,Other,,Yes,alive,alive
Plot 85,P85-25,106,106,0.0,30,Yes,,SBB,84,Other,,,106.0,106.0,0.0,84.0,30.0,Other,,Yes,alive,alive
Plot 85,P85-26,130,122,-8.0,30,Yes,,SBB,67,Rhino,BBR,,130.0,122.0,-8.0,67.0,30.0,Rhino,BBR,Yes,alive,alive
Plot 85,P85-27,157,,-157.0,,,,,,,,Dead tag found,157.0,,-157.0,,,,,,alive,dead
Plot 85,P85-28,42,57,15.0,30,Yes,,MSB,37,Rhino,,Distance changed to 2.7,42.0,57.0,15.0,37.0,30.0,Rhino,,Yes,alive,alive
Plot 85,P85-29,179,168,-11.0,40,Yes,,SBB,168,Other,,Drying up,179.0,168.0,-11.0,168.0,40.0,Other,,Yes,alive,alive
Plot 85,P85-30,155,194,39.0,40,Yes,,MSB,119,Other,,,155.0,194.0,39.0,119.0,40.0,Other,,Yes,alive,alive
Plot 85,P85-31,105,110,5.0,30,Yes,,TSO,110,Giraffe,,,105.0,110.0,5.0,110.0,30.0,Giraffe,,Yes,alive,alive
Plot 85,P85-32,185,176,-9.0,50,Yes,,TSO,175,Giraffe,BBR,,185.0,176.0,-9.0,175.0,50.0,Giraffe,BBR,Yes,alive,alive
Plot 85,P85-33,136,136,0.0,30,Yes,,TSO,95,Rhino,,,136.0,136.0,0.0,95.0,30.0,Rhino,,Yes,alive,alive
Plot 85,P85-34,186,,-186.0,,,,,,,,Dead tag found,186.0,,-186.0,,,,,,alive,dead
Plot 85,P85-35,180,174,-6.0,50,Yes,,TSO,157,Other,AB,CMP,180.0,174.0,-6.0,157.0,50.0,Other,AB,Yes,alive,alive
Plot 85,P85-36,114,129,15.0,40,Yes,,SBB,90,Other,TP,,114.0,129.0,15.0,90.0,40.0,Other,TP,Yes,alive,alive
Plot 85,P85-37,223,271,48.0,70,Yes,,SBB,186,Elephant,TP,,223.0,271.0,48.0,186.0,70.0,Elephant,TP,Yes,alive,alive
Plot 85,P85-38,180,214,34.0,50,Yes,,SBB,71,Rhino,RRB,,180.0,214.0,34.0,71.0,50.0,Rhino,RRB,Yes,alive,alive
Plot 85,P85-39,165,188,23.0,50,Yes,,SBB,120,Other,RRB,,165.0,188.0,23.0,120.0,50.0,Other,RRB,Yes,alive,alive
Plot 85,P85-40,150,145,-5.0,40,Yes,,SBB,80,Other,,,150.0,145.0,-5.0,80.0,40.0,Other,,Yes,alive,alive
Plot 85,P85-41,107,129,22.0,60,Yes,,TSO,90,Elephant,,,107.0,129.0,22.0,90.0,60.0,Elephant,,Yes,alive,alive
Plot 85,P85-42,180,184,4.0,40,Yes,,SBB,85,Other,,,180.0,184.0,4.0,85.0,40.0,Other,,Yes,alive,alive
Plot 85,P85-43,38,38,0.0,50,Yes,,MSB,38,Rhino,BBR,,38.0,38.0,0.0,38.0,50.0,Rhino,BBR,Yes,alive,alive
Plot 85,P85-44,23,42,19.0,5,,,,,,,,23.0,42.0,19.0,,5.0,,,,alive,alive
Plot 85,P85-45,46,,-46.0,,,,,,,,Missing,46.0,,-46.0,,,,,,alive,missing
Plot 85,P85-46,98,83,-15.0,50,Yes,,MSB,83,Elephant,RRB,,98.0,83.0,-15.0,83.0,50.0,Elephant,RRB,Yes,alive,alive
Plot 85,P85-47,170,189,19.0,40,Yes,,SBB,70,Rhino,AB,,170.0,189.0,19.0,70.0,40.0,Rhino,AB,Yes,alive,alive
Plot 85,P85-48,38,64,26.0,30,Yes,,TSO,47,Rhino,,,38.0,64.0,26.0,47.0,30.0,Rhino,,Yes,alive,alive
Plot 85,P85-49,140,156,16.0,30,Yes,,TSO,152,Giraffe,AB,,140.0,156.0,16.0,152.0,30.0,Giraffe,AB,Yes,alive,alive
Plot 85,P85-50,590,528,-62.0,110,Yes,,SBB,178,Elephant,,,590.0,528.0,-62.0,178.0,110.0,Elephant,,Yes,alive,alive
Plot 89,P89-01,395,423,28.0,110,Yes,,SBB,248,Giraffe,TP,,395.0,423.0,28.0,248.0,110.0,Giraffe,TP,Yes,alive,alive
Plot 89,P89-02,310,356,46.0,80,Yes,,SBB,172,Elephant,RRB,,310.0,356.0,46.0,172.0,80.0,Elephant,RRB,Yes,alive,alive
Plot 89,P89-03,221,246,25.0,70,Yes,,TSO,232,Giraffe,TP,,221.0,246.0,25.0,232.0,70.0,Giraffe,TP,Yes,alive,alive
Plot 89,P89-04,85,95,10.0,60,Yes,,MSB,79,Rhino,,,85.0,95.0,10.0,79.0,60.0,Rhino,,Yes,alive,alive
Plot 89,P89-05,60,,-60.0,,,,,,,,Dead tag found,60.0,,-60.0,,,,,,alive,dead
Plot 89,P89-06,103,170,67.0,50,Yes,,TSO,134,Giraffe,"RRB,CMP",,103.0,170.0,67.0,134.0,50.0,Giraffe,"RRB, CMP",Yes,alive,alive
Plot 89,P89-07,101,97,-4.0,80,Yes,,MSB,97,Elephant,,Dry,101.0,97.0,-4.0,97.0,80.0,Elephant,,Yes,alive,alive
Plot 89,P89-08,93,93,0.0,40,Yes,,TSO,93,Giraffe,BBR,,93.0,93.0,0.0,93.0,40.0,Giraffe,BBR,Yes,alive,alive
Plot 89,P89-09,168,169,1.0,60,Yes,,SBB,82,Giraffe,BBR,,168.0,169.0,1.0,82.0,60.0,Giraffe,BBR,Yes,alive,alive
Plot 89,P89-10,106,110,4.0,30,Yes,,SBB,55,Rhino,"TP,CMP",,106.0,110.0,4.0,55.0,30.0,Rhino,"TP, CMP",Yes,alive,alive
Plot 89,P89-11,152,203,51.0,50,Yes,,SBB,52,Rhino,BBR,,152.0,203.0,51.0,52.0,50.0,Rhino,BBR,Yes,alive,alive
Plot 89,P89-12,179,197,18.0,80,Yes,,SBB,73,Rhino,BBR,,179.0,197.0,18.0,73.0,80.0,Rhino,BBR,Yes,alive,alive
Plot 89,P89-13,158,155,-3.0,40,Yes,,MSB,114,Rhino,BBR,,158.0,155.0,-3.0,114.0,40.0,Rhino,BBR,Yes,alive,alive
Plot 89,P89-14,80,92,12.0,60,Yes,,TSO,82,Rhino,BBR,,80.0,92.0,12.0,82.0,60.0,Rhino,BBR,Yes,alive,alive
Plot 89,P89-15,122,141,19.0,50,Yes,,SBB,78.5,Rhino,RRB,,122.0,141.0,19.0,78.5,50.0,Rhino,RRB,Yes,alive,alive
Plot 89,P89-16,195,220,25.0,70,Yes,,SBB,119,Elephant,RRB,,195.0,220.0,25.0,119.0,70.0,Elephant,RRB,Yes,alive,alive
Plot 89,P89-17,231,253,22.0,60,Yes,,MSB,183,Elephant,BBR,,231.0,253.0,22.0,183.0,60.0,Elephant,BBR,Yes,alive,alive
Plot 89,P89-18,180,162,-18.0,60,Yes,,SBB,145,Rhino,TP,,180.0,162.0,-18.0,145.0,60.0,Rhino,TP,Yes,alive,alive
Plot 89,P89-19,136,139,3.0,50,Yes,,SBB,82,Elephant,RRB,,136.0,139.0,3.0,82.0,50.0,Elephant,RRB,Yes,alive,alive
Plot 89,P89-20,90,135,45.0,60,Yes,,MSB,80,Rhino,RRB,,90.0,135.0,45.0,80.0,60.0,Rhino,RRB,Yes,alive,alive
Plot 89,P89-21,60,59,-1.0,50,Yes,,SBB,59,Rhino,RRB,,60.0,59.0,-1.0,59.0,50.0,Rhino,RRB,Yes,alive,alive
Plot 89,P89-22,269,295,26.0,70,Yes,,MSB,109,Elephant,TP,,269.0,295.0,26.0,109.0,70.0,Elephant,TP,Yes,alive,alive
Plot 89,P89-23,80,,-80.0,,,,,,,,Dead tag found,80.0,,-80.0,,,,,,alive,dead
Plot 89,P89-24,165,144,-21.0,50,Yes,,MSB,144,Elephant,,,165.0,144.0,-21.0,144.0,50.0,Elephant,,Yes,alive,alive
Plot 89,P89-25,161,241,80.0,90,Yes,,SBB,170,Rhino,RRB,,161.0,241.0,80.0,170.0,90.0,Rhino,RRB,Yes,alive,alive
Plot 89,P89-26,207,150,-57.0,50,Yes,,MSB,138,Elephant,,Drying up,207.0,150.0,-57.0,138.0,50.0,Elephant,,Yes,alive,alive
Plot 89,P89-27,120,144,24.0,40,Yes,,SBB,38,Rhino,,,120.0,144.0,24.0,38.0,40.0,Rhino,,Yes,alive,alive
Plot 89,P89-28,144,159,15.0,90,Yes,,MSB,142,Elephant,,,144.0,159.0,15.0,142.0,90.0,Elephant,,Yes,alive,alive
Plot 89,P89-29,172,200,28.0,80,Yes,,SBB,152,Elephant,RRB,,172.0,200.0,28.0,152.0,80.0,Elephant,RRB,Yes,alive,alive
Plot 89,P89-30,193,198,5.0,70,Yes,,SBB,115,Natural,RRB,,193.0,198.0,5.0,115.0,70.0,Drought/Natural,RRB,Yes,alive,alive
Plot 89,P89-31,122,161,39.0,100,Yes,,TSO,161,Giraffe,RRB,,122.0,161.0,39.0,161.0,100.0,Giraffe,RRB,Yes,alive,alive
Plot 89,P89-32,97,87,-10.0,60,Yes,,MSB,15,Rhino,TP,,97.0,87.0,-10.0,15.0,60.0,Rhino,TP,Yes,alive,alive
Plot 89,P89-33,27,36,9.0,5,Yes,,TSO,36,Rhino,,,27.0,36.0,9.0,36.0,5.0,Rhino,,Yes,alive,alive
Plot 89,P89-34,152,,-152.0,,,,,,,,Dead tag found,152.0,,-152.0,,,,,,alive,dead
Plot 89,P89-35,31,29,-2.0,5,,,,,,,,31.0,29.0,-2.0,,5.0,,,,alive,alive
Plot 89,P89-36,196,208,12.0,70,Yes,,SBB,105,Rhino,RRB,,196.0,208.0,12.0,105.0,70.0,Rhino,RRB,Yes,alive,alive
Plot 89,P89-37,154,167,13.0,60,Yes,,SBB,87,Rhino,RRB,,154.0,167.0,13.0,87.0,60.0,Rhino,RRB,Yes,alive,alive
Plot 89,P89-38,214,218,4.0,70,Yes,,SBB,153,Elephant,RRB,,214.0,218.0,4.0,153.0,70.0,Elephant,RRB,Yes,alive,alive
Plot 89,P89-39,177,154,-23.0,60,Yes,,SBB,89,Rhino,BBR,,177.0,154.0,-23.0,89.0,60.0,Rhino,BBR,Yes,alive,alive
Plot 89,P89-40,69,,-69.0,,,,,,,,Dead tag found,69.0,,-69.0,,,,,,alive,dead
Plot 89,P89-41,69,62,-7.0,30,Yes,,MSB,62,Rhino,TP,,69.0,62.0,-7.0,62.0,30.0,Rhino,TP,Yes,alive,alive
Plot 89,P89-42,168,179,11.0,80,Yes,,SBB,109,Elephant,BBR,,168.0,179.0,11.0,109.0,80.0,Elephant,BBR,Yes,alive,alive
Plot 89,P89-43,41,54,13.0,32,Yes,,MSB,27,Rhino,BBR,,41.0,54.0,13.0,27.0,32.0,Rhino,BBR,Yes,alive,alive
Plot 89,P89-44,115,118,3.0,50,Yes,,TSO,111,Giraffe,BBR,,115.0,118.0,3.0,111.0,50.0,Giraffe,BBR,Yes,alive,alive
Plot 89,P89-45,100,,-100.0,,,,,,,,Dead tag found,100.0,,-100.0,,,,,,alive,dead
Plot 89,P89-46,101,81,-20.0,70,Yes,,MSB,69,Rhino,,Drying up,101.0,81.0,-20.0,69.0,70.0,Rhino,,Yes,alive,alive
Plot 89,P89-47,166,172,6.0,70,Yes,,TSO,155,Giraffe,BBR,,166.0,172.0,6.0,155.0,70.0,Giraffe,BBR,Yes,alive,alive
Plot 89,P89-48,146,147,1.0,70,Yes,,SBB,147,Elephant,,,146.0,147.0,1.0,147.0,70.0,Elephant,,Yes,alive,alive
Plot 89,P89-49,95,111,16.0,70,Yes,,MSB,99,Elephant,RRB,,95.0,111.0,16.0,99.0,70.0,Elephant,RRB,Yes,alive,alive
Plot 89,P89-50,142,168,26.0,90,Yes,,SBB,90,Rhino,RRB,,142.0,168.0,26.0,90.0,90.0,Rhino,RRB,Yes,alive,alive
Plot 91,P91-01,402,414,12.0,100,Yes,,SBB,188,Elephant,,,402.0,414.0,12.0,188.0,100.0,Elephant,,Yes,alive,alive
Plot 91,P91-02,85,81,-4.0,20,Yes,,MSB,81,Elephant,TP,,85.0,81.0,-4.0,81.0,20.0,Elephant,TP,Yes,alive,alive
Plot 91,P91-03,43,43,0.0,20,Yes,,MSB,30,Rhino,,,43.0,43.0,0.0,30.0,20.0,Rhino,,Yes,alive,alive
Plot 91,P91-04,350,360,10.0,90,Yes,,SBB,166,Elephant,,,350.0,360.0,10.0,166.0,90.0,Elephant,,Yes,alive,alive
Plot 91,P91-05,15,34,19.0,7,Yes,,,,,TP,,15.0,34.0,19.0,,7.0,,TP,Yes,alive,alive
Plot 91,P91-06,96,88,-8.0,40,Yes,,MSB,88,Rhino,TP,,96.0,88.0,-8.0,88.0,40.0,Rhino,TP,Yes,alive,alive
Plot 91,P91-07,79,78,-1.0,30,Yes,,MSB,78,Rhino,,,79.0,78.0,-1.0,78.0,30.0,Rhino,,Yes,alive,alive
Plot 91,P91-08,150,155,5.0,60,Yes,,SBB,122,Elephant,TP,,150.0,155.0,5.0,122.0,60.0,Elephant,TP,Yes,alive,alive
Plot 91,P91-09,40,52,12.0,15,Yes,,MSB,22,Rhino,AB,,40.0,52.0,12.0,22.0,15.0,Rhino,AB,Yes,alive,alive
Plot 91,P91-10,420,33,-387.0,120,Yes,,SBB,171,Elephant,,,420.0,33.0,-387.0,171.0,120.0,Elephant,,Yes,alive,alive
Plot 91,P91-11,260,264,4.0,100,Yes,,SBB,151,Elephant,AB,,260.0,264.0,4.0,151.0,100.0,Elephant,AB,Yes,alive,alive
Plot 91,P91-12,289,312,23.0,120,Yes,,SBB,206,Elephant,AB,,289.0,312.0,23.0,206.0,120.0,Elephant,AB,Yes,alive,alive
Plot 91,P91-13,22,36,14.0,10,Yes,,MSB,23,Rhino,,Tag missing,22.0,36.0,14.0,23.0,10.0,Rhino,,Yes,alive,missing
Plot 91,P91-14,415,420,5.0,100,Yes,,SBB,219,Elephant,,,415.0,420.0,5.0,219.0,100.0,Elephant,,Yes,alive,alive
Plot 91,P91-15,92,,-92.0,,,,,,,,Dead tag found,92.0,,-92.0,,,,,,alive,dead
Plot 91,P91-16,70,80,10.0,30,Yes,,SBB,68,Rhino,TP,,70.0,80.0,10.0,68.0,30.0,Rhino,TP,Yes,alive,alive
Plot 91,P91-17,103,103,0.0,70,Yes,,MSB,103,Elephant,,,103.0,103.0,0.0,103.0,70.0,Elephant,,Yes,alive,alive
Plot 91,P91-18,100,162,62.0,40,Yes,,TSO,130,Giraffe,AB,,100.0,162.0,62.0,130.0,40.0,Giraffe,AB,Yes,alive,alive
Plot 91,P91-19,200,84,-116.0,60,Yes,,MSB,64,Rhino,,,200.0,84.0,-116.0,64.0,60.0,Rhino,,Yes,alive,alive
Plot 91,P91-20,153,142,-11.0,80,Yes,,MSB,142,Elephant,,,153.0,142.0,-11.0,142.0,80.0,Elephant,,Yes,alive,alive
Plot 91,P91-21,397,397,0.0,110,Yes,,SBB,145,Elephant,AB,,397.0,397.0,0.0,145.0,110.0,Elephant,AB,Yes,alive,alive
Plot 91,P91-22,318,332,14.0,100,Yes,,SBB,273,Elephant,,,318.0,332.0,14.0,273.0,100.0,Elephant,,Yes,alive,alive
Plot 91,P91-23,147,183,36.0,80,Yes,,SBB,106,Rhino,TP,,147.0,183.0,36.0,106.0,80.0,Rhino,TP,Yes,alive,alive
Plot 91,P91-24,249,297,48.0,80,Yes,,TSO,270,Elephant,,,249.0,297.0,48.0,270.0,80.0,Elephant,,Yes,alive,alive
Plot 91,P91-25,145,140,-5.0,70,Yes,,MSB,140,Elephant,AB,,145.0,140.0,-5.0,140.0,70.0,Elephant,AB,Yes,alive,alive
Plot 91,P91-26,178,181,3.0,70,Yes,,TSO,177,Giraffe,AB,,178.0,181.0,3.0,177.0,70.0,Giraffe,AB,Yes,alive,alive
Plot 91,P91-27,84,96,12.0,30,Yes,,TSO,62,Rhino,,,84.0,96.0,12.0,62.0,30.0,Rhino,,Yes,alive,alive
Plot 91,P91-28,28,41,13.0,8,Yes,,SBB,10,Others,TP,,28.0,41.0,13.0,10.0,8.0,Other,TP,Yes,alive,alive
Plot 91,P91-29,154,168,14.0,20,Yes,,TSO,153,Giraffe,TP,,154.0,168.0,14.0,153.0,20.0,Giraffe,TP,Yes,alive,alive
Plot 91,P91-30,215,230,15.0,40,Yes,,SBB,181,Elephant,,,215.0,230.0,15.0,181.0,40.0,Elephant,,Yes,alive,alive
Plot 91,P91-31,150,146,-4.0,50,Yes,,MSB,88,Elephant,TP,,150.0,146.0,-4.0,88.0,50.0,Elephant,TP,Yes,alive,alive
Plot 91,P91-32,150,142,-8.0,40,Yes,,MSB,142,Giraffe,TP,,150.0,142.0,-8.0,142.0,40.0,Giraffe,TP,Yes,alive,alive
Plot 91,P91-33,305,316,11.0,100,Yes,,MSB,248,Elephant,TP,,305.0,316.0,11.0,248.0,100.0,Elephant,TP,Yes,alive,alive
Plot 91,P91-34,278,267,-11.0,60,Yes,,SBB,175,Elephant,,,278.0,267.0,-11.0,175.0,60.0,Elephant,,Yes,alive,alive
Plot 91,P91-35,160,162,2.0,30,Yes,,MSB,74,Elephant,TP,,160.0,162.0,2.0,74.0,30.0,Elephant,TP,Yes,alive,alive
Plot 91,P91-36,14,36,22.0,4,Yes,,SBB,21,Others,,,14.0,36.0,22.0,21.0,4.0,Other,,Yes,alive,alive
Plot 91,P91-37,90,58,-32.0,32,Yes,,MSB,58,Elephant,,,90.0,58.0,-32.0,58.0,32.0,Elephant,,Yes,alive,alive
Plot 91,P91-38,150,126,-24.0,30,Yes,,MSB,72,Others,TP,,150.0,126.0,-24.0,72.0,30.0,Other,TP,Yes,alive,alive
Plot 91,P91-39,122,122,0.0,50,Yes,,MSB,122,Elephant,TP,Dead standing,122.0,122.0,0.0,122.0,50.0,Elephant,TP,Yes,alive,dead
Plot 91,P91-40,140,154,14.0,20,Yes,,SBB,72,Drought,TP,,140.0,154.0,14.0,72.0,20.0,Drought/Natural,TP,Yes,alive,alive
Plot 91,P91-41,25,37,12.0,10,Yes,,MSB,12,Rhino,TP,,25.0,37.0,12.0,12.0,10.0,Rhino,TP,Yes,alive,alive
Plot 91,P91-42,288,303,15.0,100,Yes,,SBB,135,Others,TP,,288.0,303.0,15.0,135.0,100.0,Other,TP,Yes,alive,alive
Plot 91,P91-43,172,177,5.0,60,Yes,,SBB,109,Elephant,,,172.0,177.0,5.0,109.0,60.0,Elephant,,Yes,alive,alive
Plot 91,P91-44,240,221,-19.0,70,Yes,,SBB,14,Drought,TP,,240.0,221.0,-19.0,14.0,70.0,Drought/Natural,TP,Yes,alive,alive
Plot 91,P91-45,340,366,26.0,80,Yes,,SBB,197,Elephant,TP,Tag missing,340.0,366.0,26.0,197.0,80.0,Elephant,TP,Yes,alive,missing
Plot 91,P91-46,11,34,23.0,5,Yes,,SBB,,,,,11.0,34.0,23.0,,5.0,,,Yes,alive,alive
Plot 91,P91-47,38,33,-5.0,4,Yes,,SBB,,,,,38.0,33.0,-5.0,,4.0,,,Yes,alive,alive
Plot 91,P91-48,179,210,31.0,40,Yes,,MSB,70,Elephant,,,179.0,210.0,31.0,70.0,40.0,Elephant,,Yes,alive,alive
Plot 91,P91-49,136,153,17.0,30,Yes,,SBB,90,Others,TP,Distance corrected to 9m,136.0,153.0,17.0,90.0,30.0,Other,TP,Yes,alive,alive
Plot 91,P91-50,316,227,-89.0,100,Yes,,SBB,243,Elephant,TP,,316.0,227.0,-89.0,243.0,100.0,Elephant,TP,Yes,alive,alive
Plot 92,P92-01,431,432,1.0,140,Yes,,SBB,167,Elephant,TP,,431.0,432.0,1.0,167.0,140.0,Elephant,TP,Yes,alive,alive
Plot 92,P92-02,166,151,-15.0,50,Yes,,TSO,118,Giraffe,TP,,166.0,151.0,-15.0,118.0,50.0,Giraffe,TP,Yes,alive,alive
Plot 92,P92-03,185,193,8.0,50,Yes,,TSO,180,Giraffe,TP,Tag missing,185.0,193.0,8.0,180.0,50.0,Giraffe,TP,Yes,alive,missing
Plot 92,P92-04,110,159,49.0,40,Yes,,SBB,83,Rhino,TP,,110.0,159.0,49.0,83.0,40.0,Rhino,TP,Yes,alive,alive
Plot 92,P92-05,185,204,19.0,40,Yes,,MSB,108,Elephant,TP,,185.0,204.0,19.0,108.0,40.0,Elephant,TP,Yes,alive,alive
Plot 92,P92-06,133,174,41.0,50,Yes,,SBB,97,Rhino,TP,,133.0,174.0,41.0,97.0,50.0,Rhino,TP,Yes,alive,alive
Plot 92,P92-07,52,15,-37.0,40,Yes,,MSB,15,Rhino,,,52.0,15.0,-37.0,15.0,40.0,Rhino,,Yes,alive,alive
Plot 92,P92-08,189,221,32.0,40,Yes,,SBB,87,Elephant,,,189.0,221.0,32.0,87.0,40.0,Elephant,,Yes,alive,alive
Plot 92,P92-09,147,155,8.0,40,Yes,,TSO,140,Giraffe,TP,,147.0,155.0,8.0,140.0,40.0,Giraffe,TP,Yes,alive,alive
Plot 92,P92-10,180,188,8.0,60,Yes,,TSO,67,Giraffe,TP,,180.0,188.0,8.0,67.0,60.0,Giraffe,TP,Yes,alive,alive
Plot 92,P92-11,193,203,10.0,70,Yes,,TSO,177,Giraffe,TP,Tag missing,193.0,203.0,10.0,177.0,70.0,Giraffe,TP,Yes,alive,missing
Plot 92,P92-12,191,213,22.0,60,Yes,,TSO,21,Giraffe,TP,,191.0,213.0,22.0,21.0,60.0,Giraffe,TP,Yes,alive,alive
Plot 92,P92-13,132,185,53.0,50,Yes,,SBB,67,Rhino,TP,,132.0,185.0,53.0,67.0,50.0,Rhino,TP,Yes,alive,alive
Plot 92,P92-14,175,180,5.0,50,Yes,,SBB,103,Elephant,BHA,,175.0,180.0,5.0,103.0,50.0,Elephant,BHA,Yes,alive,alive
Plot 92,P92-15,208,208,0.0,50,Yes,,TSO,201,Giraffe,TP,,208.0,208.0,0.0,201.0,50.0,Giraffe,TP,Yes,alive,alive
Plot 92,P92-16,141,162,21.0,40,Yes,,TSO,139,Giraffe,BHA,,141.0,162.0,21.0,139.0,40.0,Giraffe,BHA,Yes,alive,alive
Plot 92,P92-17,235,252,17.0,70,Yes,,SBB,155,Elephant,TP,,235.0,252.0,17.0,155.0,70.0,Elephant,TP,Yes,alive,alive
Plot 92,P92-18,240,240,0.0,70,Yes,,SBB,97,Elephant,TP,Drying up,240.0,240.0,0.0,97.0,70.0,Elephant,TP,Yes,alive,alive
Plot 92,P92-19,155,156,1.0,50,Yes,,TSO,153,Giraffe,TP,,155.0,156.0,1.0,153.0,50.0,Giraffe,TP,Yes,alive,alive
Plot 92,P92-20,120,125,5.0,40,Yes,,TSO,103,Giraffe,TP,,120.0,125.0,5.0,103.0,40.0,Giraffe,TP,Yes,alive,alive
Plot 92,P92-21,153,161,8.0,40,Yes,,TSO,122,Giraffe,TP,,153.0,161.0,8.0,122.0,40.0,Giraffe,TP,Yes,alive,alive
Plot 92,P92-22,185,72,-113.0,40,Yes,,MSB,72,Elephant,TP,,185.0,72.0,-113.0,72.0,40.0,Elephant,TP,Yes,alive,alive
Plot 92,P92-23,216,151,-65.0,110,Yes,,MSB,151,Elephant,,,216.0,151.0,-65.0,151.0,110.0,Elephant,,Yes,alive,alive
Plot 92,P92-24,147,147,0.0,60,Yes,,TSO,137,Giraffe,TP,,147.0,147.0,0.0,137.0,60.0,Giraffe,TP,Yes,alive,alive
Plot 92,P92-25,25,35,10.0,10,Yes,,MSB,14,Rhino,,,25.0,35.0,10.0,14.0,10.0,Rhino,,Yes,alive,alive
Plot 92,P92-26,149,160,11.0,40,Yes,,SBB,85,Elephant,TP,,149.0,160.0,11.0,85.0,40.0,Elephant,TP,Yes,alive,alive
Plot 92,P92-27,139,164,25.0,50,Yes,,TSO,138,Giraffe,TP,,139.0,164.0,25.0,138.0,50.0,Giraffe,TP,Yes,alive,alive
Plot 92,P92-28,110,138,28.0,40,Yes,,TSO,101,Giraffe,TP,,110.0,138.0,28.0,101.0,40.0,Giraffe,TP,Yes,alive,alive
Plot 92,P92-29,192,220,28.0,40,Yes,,SBB,75,Rhino,,,192.0,220.0,28.0,75.0,40.0,Rhino,,Yes,alive,alive
Plot 92,P92-30,147,147,0.0,30,Yes,,TSO,140,Giraffe,TP,,147.0,147.0,0.0,140.0,30.0,Giraffe,TP,Yes,alive,alive
Plot 92,P92-31,95,91,-4.0,20,Yes,,SBB,43,Rhino,TP,,95.0,91.0,-4.0,43.0,20.0,Rhino,TP,Yes,alive,alive
Plot 92,P92-32,85,85,0.0,30,Yes,,TSO,72,Giraffe,TP,,85.0,85.0,0.0,72.0,30.0,Giraffe,TP,Yes,alive,alive
Plot 92,P92-33,25,27,2.0,7,Yes,,TSO,27,Rhino,,,25.0,27.0,2.0,27.0,7.0,Rhino,,Yes,alive,alive
Plot 92,P92-34,137,176,39.0,50,Yes,,TSO,157,Giraffe,TP,,137.0,176.0,39.0,157.0,50.0,Giraffe,TP,Yes,alive,alive
Plot 92,P92-35,177,212,35.0,50,Yes,,SBB,98,Elephant,TP,,177.0,212.0,35.0,98.0,50.0,Elephant,TP,Yes,alive,alive
Plot 92,P92-36,208,175,-33.0,60,Yes,,SBB,145,Elephant,,Drying up,208.0,175.0,-33.0,145.0,60.0,Elephant,,Yes,alive,alive
Plot 92,P92-37,143,150,7.0,40,Yes,,TSO,113,Giraffe,TP,,143.0,150.0,7.0,113.0,40.0,Giraffe,TP,Yes,alive,alive
Plot 92,P92-38,130,148,18.0,50,Yes,,TSO,148,Giraffe,TP,,130.0,148.0,18.0,148.0,50.0,Giraffe,TP,Yes,alive,alive
Plot 92,P92-39,115,155,40.0,30,Yes,,TSO,155,Giraffe,TP,,115.0,155.0,40.0,155.0,30.0,Giraffe,TP,Yes,alive,alive
Plot 92,P92-40,91,103,12.0,30,Yes,,TSO,95,Giraffe,TP,,91.0,103.0,12.0,95.0,30.0,Giraffe,TP,Yes,alive,alive
Plot 92,P92-41,50,67,17.0,60,Yes,,TSO,60,Rhino,TP,,50.0,67.0,17.0,60.0,60.0,Rhino,TP,Yes,alive,alive
Plot 92,P92-42,145,157,12.0,60,Yes,,TSO,146,Giraffe,TP,,145.0,157.0,12.0,146.0,60.0,Giraffe,TP,Yes,alive,alive
Plot 92,P92-43,173,201,28.0,40,Yes,,SBB,58,Rhino,BHA,,173.0,201.0,28.0,58.0,40.0,Rhino,BHA,Yes,alive,alive
Plot 92,P92-44,141,158,17.0,40,Yes,,TSO,147,Giraffe,TP,,141.0,158.0,17.0,147.0,40.0,Giraffe,TP,Yes,alive,alive
Plot 92,P92-45,149,167,18.0,100,Yes,,TSO,149,Giraffe,TP,,149.0,167.0,18.0,149.0,100.0,Giraffe,TP,Yes,alive,alive
Plot 92,P92-46,158,185,27.0,40,Yes,,TSO,152,Giraffe,TP,,158.0,185.0,27.0,152.0,40.0,Giraffe,TP,Yes,alive,alive
Plot 92,P92-47,140,161,21.0,50,Yes,,TSO,146,Giraffe,TP,,140.0,161.0,21.0,146.0,50.0,Giraffe,TP,Yes,alive,alive
Plot 92,P92-48,119,141,22.0,30,Yes,,SBB,54,Rhino,,,119.0,141.0,22.0,54.0,30.0,Rhino,,Yes,alive,alive
Plot 92,P92-49,118,130,12.0,40,Yes,,TSO,100,Giraffe,TP,,118.0,130.0,12.0,100.0,40.0,Giraffe,TP,Yes,alive,alive
Plot 92,P92-50,213,278,65.0,100,Yes,,SBB,150,Elephant,TP,,213.0,278.0,65.0,150.0,100.0,Elephant,TP,Yes,alive,alive
Plot 93,P93-01,340,340,0.0,100,Yes,,SBB,199,Elephant,RRB,,340.0,340.0,0.0,199.0,100.0,Elephant,RRB,Yes,alive,alive
Plot 93,P93-02,154,204,50.0,60,Yes,,TSO,201,Giraffe,RRB,,154.0,204.0,50.0,201.0,60.0,Giraffe,RRB,Yes,alive,alive
Plot 93,P93-03,255,270,15.0,80,Yes,,TSO,270,Giraffe,RRB,Tag missing,255.0,270.0,15.0,270.0,80.0,Giraffe,RRB,Yes,alive,missing
Plot 93,P93-04,115,122,7.0,50,Yes,,TSO,95,Giraffe,BBR,,115.0,122.0,7.0,95.0,50.0,Giraffe,BBR,Yes,alive,alive
Plot 93,P93-05,163,176,13.0,50,Yes,,TSO,130,Giraffe,BBR,,163.0,176.0,13.0,130.0,50.0,Giraffe,BBR,Yes,alive,alive
Plot 93,P93-06,154,185,31.0,60,Yes,,TSO,130,Giraffe,BBR,,154.0,185.0,31.0,130.0,60.0,Giraffe,BBR,Yes,alive,alive
Plot 93,P93-07,164,173,9.0,40,Yes,,TSO,166,Giraffe,BBR,,164.0,173.0,9.0,166.0,40.0,Giraffe,BBR,Yes,alive,alive
Plot 93,P93-08,201,225,24.0,70,Yes,,TSO,153,Giraffe,BBR,,201.0,225.0,24.0,153.0,70.0,Giraffe,BBR,Yes,alive,alive
Plot 93,P93-09,36,170,134.0,50,Yes,,SBB,105,Rhino,RRB,,36.0,170.0,134.0,105.0,50.0,Rhino,RRB,Yes,alive,alive
Plot 93,P93-10,149,211,62.0,60,Yes,,SBB,135,Elephant,RRB,,149.0,211.0,62.0,135.0,60.0,Elephant,RRB,Yes,alive,alive
Plot 93,P93-11,87,,-87.0,,,,,,,,Dead tag found,87.0,,-87.0,,,,,,alive,dead
Plot 93,P93-12,105,101,-4.0,50,Yes,,MSB,101,Elephant,,,105.0,101.0,-4.0,101.0,50.0,Elephant,,Yes,alive,alive
Plot 93,P93-13,69,62,-7.0,50,Yes,,MSB,62,Elephant,BBR,,69.0,62.0,-7.0,62.0,50.0,Elephant,BBR,Yes,alive,alive
Plot 93,P93-14,202,,-202.0,,,,,,,,Dead tag found,202.0,,-202.0,,,,,,alive,dead
Plot 93,P93-15,148,159,11.0,70,Yes,,TSO,159,Giraffe,RRB,,148.0,159.0,11.0,159.0,70.0,Giraffe,RRB,Yes,alive,alive
Plot 93,P93-16,68,114,46.0,20,Yes,,TSO,65,Rhino,BBR,,68.0,114.0,46.0,65.0,20.0,Rhino,BBR,Yes,alive,alive
Plot 93,P93-17,21,37,16.0,4,,,,,,BBR,,21.0,37.0,16.0,,4.0,,BBR,,alive,alive
Plot 93,P93-18,80,96,16.0,40,Yes,,TSO,96,Rhino,RRB,,80.0,96.0,16.0,96.0,40.0,Rhino,RRB,Yes,alive,alive
Plot 93,P93-19,90,90,0.0,30,Yes,,TSO,75,Rhino,RRB,,90.0,90.0,0.0,75.0,30.0,Rhino,RRB,Yes,alive,alive
Plot 93,P93-20,138,230,92.0,50,Yes,,SBB,125,Rhino,BBR,,138.0,230.0,92.0,125.0,50.0,Rhino,BBR,Yes,alive,alive
Plot 93,P93-21,169,230,61.0,50,Yes,,TSO,122,Giraffe,RRB,,169.0,230.0,61.0,122.0,50.0,Giraffe,RRB,Yes,alive,alive
Plot 93,P93-22,132,135,3.0,40,Yes,,SBB,102,Elephant,RRB,,132.0,135.0,3.0,102.0,40.0,Elephant,RRB,Yes,alive,alive
Plot 93,P93-23,180,246,66.0,60,Yes,,TSO,216,Giraffe,RRB,,180.0,246.0,66.0,216.0,60.0,Giraffe,RRB,Yes,alive,alive
Plot 93,P93-24,548,549,1.0,160,Yes,,SBB,272,Elephant,AB,,548.0,549.0,1.0,272.0,160.0,Elephant,AB,Yes,alive,alive
Plot 93,P93-25,102,101,-1.0,40,Yes,,MSB,101,Elephant,,,102.0,101.0,-1.0,101.0,40.0,Elephant,,Yes,alive,alive
Plot 93,P93-26,23,52,29.0,10,,,,,,AB,,23.0,52.0,29.0,,10.0,,AB,,alive,alive
Plot 93,P93-27,182,233,51.0,50,Yes,,TSO,233,Giraffe,RRB,Tag missing,182.0,233.0,51.0,233.0,50.0,Giraffe,RRB,Yes,alive,missing
Plot 93,P93-28,167,215,48.0,60,Yes,,SBB,150,Elephant,RRB,,167.0,215.0,48.0,150.0,60.0,Elephant,RRB,Yes,alive,alive
Plot 93,P93-29,162,72,-90.0,30,,,MSB,72,Rhino,,Tag missing,162.0,72.0,-90.0,72.0,30.0,Rhino,,,alive,missing
Plot 93,P93-30,122,123,1.0,40,Yes,,TSO,90,Rhino,RRB,,122.0,123.0,1.0,90.0,40.0,Rhino,RRB,Yes,alive,alive
Plot 93,P93-31,15,24,9.0,7,Yes,,TSO,24,Rhino,BBR,,15.0,24.0,9.0,24.0,7.0,Rhino,BBR,Yes,alive,alive
Plot 93,P93-32,60,46,-14.0,40,Yes,,MSB,46,Elephant,RRB,,60.0,46.0,-14.0,46.0,40.0,Elephant,RRB,Yes,alive,alive
Plot 93,P93-33,178,183,5.0,60,Yes,,SBB,99,Rhino,RRB,,178.0,183.0,5.0,99.0,60.0,Rhino,RRB,Yes,alive,alive
Plot 93,P93-34,154,175,21.0,60,Yes,,TSO,129,Giraffe,RRB,,154.0,175.0,21.0,129.0,60.0,Giraffe,RRB,Yes,alive,alive
Plot 93,P93-35,146,147,1.0,40,Yes,,TSO,144,Giraffe,RRB,,146.0,147.0,1.0,144.0,40.0,Giraffe,RRB,Yes,alive,alive
Plot 93,P93-36,212,210,-2.0,50,Yes,,TSO,210,Giraffe,BBR,,212.0,210.0,-2.0,210.0,50.0,Giraffe,BBR,Yes,alive,alive
Plot 93,P93-37,115,116,1.0,40,Yes,,TSO,79,Rhino,RRB,,115.0,116.0,1.0,79.0,40.0,Rhino,RRB,Yes,alive,alive
Plot 93,P93-38,138,194,56.0,50,Yes,,TSO,199,Giraffe,RRB,,138.0,194.0,56.0,199.0,50.0,Giraffe,RRB,Yes,alive,alive
Plot 93,P93-39,311,292,-19.0,90,Yes,,SBB,258,Elephant,TP,,311.0,292.0,-19.0,258.0,90.0,Elephant,TP,Yes,alive,alive
Plot 93,P93-40,24,54,30.0,50,Yes,,MSB,24,Rhino,,,24.0,54.0,30.0,24.0,50.0,Rhino,,Yes,alive,alive
Plot 93,P93-41,176,190,14.0,50,Yes,,SBB,83,Rhino,BBR,,176.0,190.0,14.0,83.0,50.0,Rhino,BBR,Yes,alive,alive
Plot 93,P93-42,60,62,2.0,50,Yes,,MSB,62,Elephant,,,60.0,62.0,2.0,62.0,50.0,Elephant,,Yes,alive,alive
Plot 93,P93-43,159,169,10.0,50,Yes,,TSO,116,Rhino,BBR,,159.0,169.0,10.0,116.0,50.0,Rhino,BBR,Yes,alive,alive
Plot 93,P93-44,192,197,5.0,40,Yes,,TSO,81,Rhino,BBR,,192.0,197.0,5.0,81.0,40.0,Rhino,BBR,Yes,alive,alive
Plot 93,P93-45,110,106,-4.0,40,Yes,,TSO,93,Rhino,BBR,,110.0,106.0,-4.0,93.0,40.0,Rhino,BBR,Yes,alive,alive
Plot 93,P93-46,192,221,29.0,60,Yes,,SBB,109,Rhino,RRB,,192.0,221.0,29.0,109.0,60.0,Rhino,RRB,Yes,alive,alive
Plot 93,P93-47,160,181,21.0,40,Yes,,TSO,104,Giraffe,RRB,,160.0,181.0,21.0,104.0,40.0,Giraffe,RRB,Yes,alive,alive
Plot 93,P93-48,76,104,28.0,40,Yes,,TSO,79,Rhino,BBR,,76.0,104.0,28.0,79.0,40.0,Rhino,BBR,Yes,alive,alive
Plot 93,P93-49,102,141,39.0,30,Yes,,TSO,58,Rhino,RRB,,102.0,141.0,39.0,58.0,30.0,Rhino,RRB,Yes,alive,alive
Plot 93,P93-50,346,344,-2.0,100,Yes,,SBB,144,Elephant,BHA,,346.0,344.0,-2.0,144.0,100.0,Elephant,BHA,Yes,alive,alive
Plot 54,P54-01,527,506,-21.0,170,Yes,Old,SBB,317,Giraffe,,Dry,527.0,506.0,-21.0,317.0,170.0,Giraffe,,Yes,alive,alive
Plot 54,P54-02,440,246,-194.0,70,Yes,Old,SBB,192,Elephant,RRB,Tag missing,440.0,246.0,-194.0,192.0,70.0,Elephant,RRB,Yes,alive,missing
Plot 54,P54-03,528,360,-168.0,110,Yes,Old,SBB,173,Elephant,RRB,Dry,528.0,360.0,-168.0,173.0,110.0,Elephant,RRB,Yes,alive,alive
Plot 54,P54-04,13,10,-3.0,10,Yes,Old,MSB,10,Rhino,RRB,,13.0,10.0,-3.0,10.0,10.0,Rhino,RRB,Yes,alive,alive
Plot 54,P54-05,18,,-18.0,,,,,,,RRB,missing,18.0,,-18.0,,,,RRB,,alive,missing
Plot 54,P54-06,19,17,-2.0,10,Yes,Old,MSB,17,Other,,,19.0,17.0,-2.0,17.0,10.0,Other,,Yes,alive,alive
Plot 54,P54-07,17,123,106.0,50,Yes,Old,SBB,94,Rhino,RRB,,17.0,123.0,106.0,94.0,50.0,Rhino,RRB,Yes,alive,alive
Plot 54,P54-08,98,,-98.0,,,,,,,,missing,98.0,,-98.0,,,,,,alive,missing
Plot 54,P54-09,120,,-120.0,,,,,,,,missing,120.0,,-120.0,,,,,,alive,missing
Plot 54,P54-10,195,,-195.0,,,,,,,,missing,195.0,,-195.0,,,,,,alive,missing
Plot 54,P54-11,268,250,-18.0,80,Yes,Old,MSB,20,Elephant,,,268.0,250.0,-18.0,20.0,80.0,Elephant,,Yes,alive,alive
Plot 54,P54-12,460,,-460.0,,,,,,,,Dead,460.0,,-460.0,,,,,,alive,dead
Plot 54,P54-13,13,31,18.0,5,Yes,Old,MSB,6,Elephant,,,13.0,31.0,18.0,6.0,5.0,Elephant,,Yes,alive,alive
Plot 54,P54-14,332,313,-19.0,100,Yes,Old,MSB,205,Elephant,RRB,,332.0,313.0,-19.0,205.0,100.0,Elephant,RRB,Yes,alive,alive
Plot 54,P54-15,414,139,-275.0,90,Yes,Old,MSB,120,Elephant,RRB,,414.0,139.0,-275.0,120.0,90.0,Elephant,RRB,Yes,alive,alive
Plot 54,P54-16,12,26,14.0,6,Yes,Old,MSB,6,Elephant,RRB,,12.0,26.0,14.0,6.0,6.0,Elephant,RRB,Yes,alive,alive
Plot 54,P54-17,457,,-457.0,,,,,,,,Dead,457.0,,-457.0,,,,,,alive,dead
Plot 54,P54-18,13.5,,-13.5,,,,,,,,missing,13.5,,-13.5,,,,,,alive,missing
Plot 54,P54-19,26.5,40,13.5,100,Yes,Old,MSB,46,Elephant,RRB,Dead,26.5,40.0,13.5,46.0,100.0,Elephant,RRB,Yes,alive,dead
Plot 54,P54-20,400,,-400.0,,,,,,,,Dead,400.0,,-400.0,,,,,,alive,dead
Plot 54,P54-21,10,,-10.0,,,,,,,,Dead,10.0,,-10.0,,,,,,alive,dead
Plot 54,P54-22,17,,-17.0,,,,,,,,Dead,17.0,,-17.0,,,,,,alive,dead
Plot 54,P54-23,223,,-223.0,,,,,,,,Dead,223.0,,-223.0,,,,,,alive,dead
Plot 54,P54-24,92,,-92.0,,,,,,,,missing,92.0,,-92.0,,,,,,alive,missing
Plot 54,P54-25,162,,-162.0,,,,,,,,missing,162.0,,-162.0,,,,,,alive,missing
Plot 54,P54-26,189,,-189.0,,,,,,,,missing tag found,189.0,,-189.0,,,,,,alive,missing
Plot 54,P54-27,8,,-8.0,,,,,,,,Dead,8.0,,-8.0,,,,,,alive,dead
Plot 54,P54-28,42,20,-22.0,2,Yes,Old,MSB,20,Elephant,RRB,Re-growth,42.0,20.0,-22.0,20.0,2.0,Elephant,RRB,Yes,alive,alive
Plot 54,P54-29,21,,-21.0,,,,,,,,missing,21.0,,-21.0,,,,,,alive,missing
Plot 54,P54-30,148,115,-33.0,40,Yes,Old,SBB,115,Other,,,148.0,115.0,-33.0,115.0,40.0,Other,,Yes,alive,alive
Plot 54,P54-31,163,150,-13.0,50,Yes,Old,MSB,150,Other,,Dry,163.0,150.0,-13.0,150.0,50.0,Other,,Yes,alive,alive
Plot 54,P54-32,260,,-260.0,,,,,,,,Tag found on the ground/Dead,260.0,,-260.0,,,,,,alive,dead
Plot 54,P54-33,282,276,-6.0,85,Yes,Old,SBB,170,Elephant,RRB,Tag missing,282.0,276.0,-6.0,170.0,85.0,Elephant,RRB,Yes,alive,missing
Plot 54,P54-34,250,240,-10.0,85,Yes,Old,SBB,116,Elephant,RRB,,250.0,240.0,-10.0,116.0,85.0,Elephant,RRB,Yes,alive,alive
Plot 54,P54-35,200,210,10.0,70,Yes,Old,SBB,106,Elephant,RRB,,200.0,210.0,10.0,106.0,70.0,Elephant,RRB,Yes,alive,alive
Plot 54,P54-36,21,,-21.0,,,,,,,,missing,21.0,,-21.0,,,,,,alive,missing
Plot 54,P54-37,450,496,46.0,110,Yes,Old,SBB,240,Elephant,RRB,Tag missing,450.0,496.0,46.0,240.0,110.0,Elephant,RRB,Yes,alive,missing
Plot 54,P54-38,200,38,-162.0,60,Yes,Old,MSB,28,Elephant,RRB,Tag missing,200.0,38.0,-162.0,28.0,60.0,Elephant,RRB,Yes,alive,missing
Plot 54,P54-39,200,,-200.0,,,,,,,,Dead,200.0,,-200.0,,,,,,alive,dead
Plot 54,P54-40,184,,-184.0,,,,,,,,Dead,184.0,,-184.0,,,,,,alive,dead
Plot 54,P54-41,220,237,17.0,85,Yes,Old,MSB,59,Elephant,RRB,,220.0,237.0,17.0,59.0,85.0,Elephant,RRB,Yes,alive,alive
Plot 54,P54-42,130,107,-23.0,50,Yes,Old,SBB,60,Elephant,RRB,Stem cracked,130.0,107.0,-23.0,60.0,50.0,Elephant,RRB,Yes,alive,alive
Plot 54,P54-43,175,149,-26.0,65,Yes,Old,MSB,65,Elephant,AB,,175.0,149.0,-26.0,65.0,65.0,Elephant,AB,Yes,alive,alive
Plot 54,P54-44,194,171,-23.0,60,Yes,Old,SBB,171,Elephant,AB,,194.0,171.0,-23.0,171.0,60.0,Elephant,AB,Yes,alive,alive
Plot 54,P54-45,150,152,2.0,50,Yes,Old,SBB,142,Elephant,RRB,,150.0,152.0,2.0,142.0,50.0,Elephant,RRB,Yes,alive,alive
Plot 54,P54-46,82,,-82.0,,,,,,,,missing,82.0,,-82.0,,,,,,alive,missing
Plot 54,P54-47,350,370,20.0,100,Yes,Old,SBB,243,Elephant,,,350.0,370.0,20.0,243.0,100.0,Elephant,,Yes,alive,alive
Plot 54,P54-48,220,190,-30.0,60,Yes,Old,SBB,159,Elephant,,Tag missing,220.0,190.0,-30.0,159.0,60.0,Elephant,,Yes,alive,missing
Plot 54,P54-49,247,251,4.0,65,Yes,Old,SBB,104,Elephant,TP,,247.0,251.0,4.0,104.0,65.0,Elephant,TP,Yes,alive,alive
Plot 54,P54-50,320,331,11.0,90,Yes,Old,SBB,233,Elephant,,,320.0,331.0,11.0,233.0,90.0,Elephant,,Yes,alive,alive
Plot 56,P56-1,344,380,36.0,90,Yes,Old,TSO,147,Rhino,RRB,,344.0,380.0,36.0,147.0,90.0,Rhino,RRB,Yes,alive,alive
Plot 56,P56-2,253,198,-55.0,80,Yes,Old,MSB,130,Elephant,RRB,,253.0,198.0,-55.0,130.0,80.0,Elephant,RRB,Yes,alive,alive
Plot 56,P56-3,76,77,1.0,50,Yes,Old,MSB,77,Elephant,,,76.0,77.0,1.0,77.0,50.0,Elephant,,Yes,alive,alive
Plot 56,P56-4,186,223,37.0,60,Yes,Old,TSO,163,Giraffe,,,186.0,223.0,37.0,163.0,60.0,Giraffe,,Yes,alive,alive
Plot 56,P56-5,105,109,4.0,50,Yes,Old,TSO,109,Rhino,,,105.0,109.0,4.0,109.0,50.0,Rhino,,Yes,alive,alive
Plot 56,P56-6,235,256,21.0,60,Yes,Old,TSO,205,Giraffe,RRB,,235.0,256.0,21.0,205.0,60.0,Giraffe,RRB,Yes,alive,alive
Plot 56,P56-7,273,317,44.0,70,Yes,Old,SBB,122,Rhino,RRB,,273.0,317.0,44.0,122.0,70.0,Rhino,RRB,Yes,alive,alive
Plot 56,P56-8,235,286,51.0,110,Yes,Old,TSO,286,Giraffe,RRB,,235.0,286.0,51.0,286.0,110.0,Giraffe,RRB,Yes,alive,alive
Plot 56,P56-9,215,260,45.0,80,Yes,Old,SBB,110,Rhino,RRB,,215.0,260.0,45.0,110.0,80.0,Rhino,RRB,Yes,alive,alive
Plot 56,P56-10,256,286,30.0,80,Yes,Old,TSO,168,Rhino,TP,,256.0,286.0,30.0,168.0,80.0,Rhino,TP,Yes,alive,alive
Plot 56,P56-11,152,82,-70.0,80,Yes,Old,MSB,82,Elephant,,,152.0,82.0,-70.0,82.0,80.0,Elephant,,Yes,alive,alive
Plot 56,P56-12,288,290,2.0,100,Yes,Old,TSO,200,Giraffe,RRB,,288.0,290.0,2.0,200.0,100.0,Giraffe,RRB,Yes,alive,alive
Plot 56,P56-13,440,420,-20.0,110,Yes,Old,SBB,168,Others,RRB,,440.0,420.0,-20.0,168.0,110.0,Other,RRB,Yes,alive,alive
Plot 56,P56-14,256,273,17.0,100,Yes,Old,SBB,169,Elephant,,,256.0,273.0,17.0,169.0,100.0,Elephant,,Yes,alive,alive
Plot 56,P56-15,72,87,15.0,50,Yes,Old,TSO,65,Rhino,,,72.0,87.0,15.0,65.0,50.0,Rhino,,Yes,alive,alive
Plot 56,P56-16,258,291,33.0,70,Yes,Old,TSO,198,Giraffe,RRB,,258.0,291.0,33.0,198.0,70.0,Giraffe,RRB,Yes,alive,alive
Plot 56,P56-17,74,57,-17.0,60,Yes,Old,MSB,57,Elephant,,"BEARING FROM 17 TO 19 IS 230, DISTANCE IS 3.9M",74.0,57.0,-17.0,57.0,60.0,Elephant,,Yes,alive,alive
Plot 56,P56-18,110,DEAD,,DEAD,,,DEAD,DEAD,DEAD,DEAD,"DEAD, TAG FOUND",110.0,,,,,Dead,DEAD,,alive,dead
Plot 56,P56-19,185,220,35.0,70,Yes,Old,TSO,148,Rhino,,,185.0,220.0,35.0,148.0,70.0,Rhino,,Yes,alive,alive
Plot 56,P56-20,188,199,11.0,60,Yes,Old,TSO,173,Giraffe,TP,,188.0,199.0,11.0,173.0,60.0,Giraffe,TP,Yes,alive,alive
Plot 56,P56-21,177,172,-5.0,60,Yes,Old,TSO,103,Rhino,,"DISTANCE FROM 21 TO 23 IS 4.6M, BEARING IS 255",177.0,172.0,-5.0,103.0,60.0,Rhino,,Yes,alive,alive
Plot 56,P56-22,100,DEAD,,DEAD,,,DEAD,DEAD,DEAD,DEAD,"DEAD, TAG FOUND",100.0,,,,,Dead,DEAD,,alive,dead
Plot 56,P56-23,215,235,20.0,60,Yes,Old,TSO,235,Giraffe,RRB,"DISTANCE FROM 23 TO 25 IS 3.7M, BEARING IS 268",215.0,235.0,20.0,235.0,60.0,Giraffe,RRB,Yes,alive,alive
Plot 56,P56-24,178,DEAD,,DEAD,,,DEAD,DEAD,DEAD,DEAD,"DEAD, TAG FOUND",178.0,,,,,Dead,DEAD,,alive,dead
Plot 56,P56-25,181,219,38.0,50,Yes,Old,TSO,219,Giraffe,TP,,181.0,219.0,38.0,219.0,50.0,Giraffe,TP,Yes,alive,alive
Plot 56,P56-26,205,268,63.0,60,Yes,Old,TSO,268,Giraffe,RRB,,205.0,268.0,63.0,268.0,60.0,Giraffe,RRB,Yes,alive,alive
Plot 56,P56-27,140,167,27.0,40,Yes,Old,TSO,140,Rhino,RRB,,140.0,167.0,27.0,140.0,40.0,Rhino,RRB,Yes,alive,alive
Plot 56,P56-28,166,219,53.0,60,Yes,Old,TSO,179,Rhino,RRB,,166.0,219.0,53.0,179.0,60.0,Rhino,RRB,Yes,alive,alive
Plot 56,P56-29,176,193,17.0,40,Yes,Old,TSO,188,Giraffe,RRB,"DISTANCE FROM 29 TO 31 IS 5.6, BEARING IS 319",176.0,193.0,17.0,188.0,40.0,Giraffe,RRB,Yes,alive,alive
Plot 56,P56-30,64,DEAD,,DEAD,Yes,,DEAD,DEAD,DEAD,,"DEAD, TAG FOUND",64.0,,,,,Dead,,Yes,alive,dead
Plot 56,P56-31,100,122,22.0,50,Yes,,MSB,122,Elephant,,REGROWING,100.0,122.0,22.0,122.0,50.0,Elephant,,Yes,alive,alive
Plot 56,P56-32,169,260,91.0,80,Yes,Old,TSO,200,Giraffe,RRB,"DISTANCE FROM 32 TO 34 IS 8.9, BEARING IS 305",169.0,260.0,91.0,200.0,80.0,Giraffe,RRB,Yes,alive,alive
Plot 56,P56-33,103,DEAD,,DEAD,Yes,,DEAD,DEAD,DEAD,DEAD,"DEAD, TAG FOUND",103.0,,,,,Dead,DEAD,Yes,alive,dead
Plot 56,P56-34,90,39,-51.0,40,Yes,Old,MSB,39,Rhino,,,90.0,39.0,-51.0,39.0,40.0,Rhino,,Yes,alive,alive
Plot 56,P56-35,70,70,0.0,40,Yes,Old,SBB,57,Rhino,,,70.0,70.0,0.0,57.0,40.0,Rhino,,Yes,alive,alive
Plot 56,P56-36,161,167,6.0,70,Yes,Old,TSO,75,Rhino,BBR,,161.0,167.0,6.0,75.0,70.0,Rhino,BBR,Yes,alive,alive
Plot 56,P56-37,56,55,-1.0,40,Yes,Old,MSB,55,Elephant,,"TAG MISSING, RETAG",56.0,55.0,-1.0,55.0,40.0,Elephant,,Yes,alive,missing
Plot 56,P56-38,90,140,50.0,40,Yes,New,TSO,140,Rhino,RRB,,90.0,140.0,50.0,140.0,40.0,Rhino,RRB,Yes,alive,alive
Plot 56,P56-39,149,250,101.0,50,Yes,Old,SBB,146,Rhino,RRB,,149.0,250.0,101.0,146.0,50.0,Rhino,RRB,Yes,alive,alive
Plot 56,P56-40,131,184,53.0,60,Yes,Old,TSO,160,Rhino,RRB,,131.0,184.0,53.0,160.0,60.0,Rhino,RRB,Yes,alive,alive
Plot 56,P56-41,5,50,45.0,6,,,,,,,,5.0,50.0,45.0,,6.0,,,,alive,alive
Plot 56,P56-42,200,195,-5.0,110,Yes,New,TSO,175,Giraffe,,,200.0,195.0,-5.0,175.0,110.0,Giraffe,,Yes,alive,alive
Plot 56,P56-43,147,176,29.0,60,Yes,New,TSO,148,Rhino,RRB,,147.0,176.0,29.0,148.0,60.0,Rhino,RRB,Yes,alive,alive
Plot 56,P56-44,212,218,6.0,70,Yes,Old,TSO,216,Giraffe,,"TAG MISSING, RETAG.",212.0,218.0,6.0,216.0,70.0,Giraffe,,Yes,alive,missing
Plot 56,P56-45,229,233,4.0,70,Yes,New,TSO,230,Giraffe,RRB,"DISTANCE FROM 45 TO 48 IS 15M, BEARING IS 83",229.0,233.0,4.0,230.0,70.0,Giraffe,RRB,Yes,alive,alive
Plot 56,P56-46,57,DEAD,,DEAD,,,DEAD,DEAD,DEAD,DEAD,"DEAD, TAG FOUND",57.0,,,,,Dead,DEAD,,alive,dead
Plot 56,P56-47,130,DEAD,,DEAD,,,DEAD,DEAD,DEAD,DEAD,"DEAD, TAG FOUND",130.0,,,,,Dead,DEAD,,alive,dead
Plot 56,P56-48,155,157,2.0,50,Yes,Old,TSO,130,Rhino,RRB,,155.0,157.0,2.0,130.0,50.0,Rhino,RRB,Yes,alive,alive
Plot 56,P56-49,82,83,1.0,60,Yes,Old,MSB,83,Elephant,AB,,82.0,83.0,1.0,83.0,60.0,Elephant,AB,Yes,alive,alive
Plot 56,P56-50,450,440,-10.0,180,Yes,Old,TSO,113,Elephant,RRB,,450.0,440.0,-10.0,113.0,180.0,Elephant,RRB,Yes,alive,alive
Plot 57,P57-01,303,310,7.0,70,Yes,New,SBB,104,Elephant,none,growing well,303.0,310.0,7.0,104.0,70.0,Elephant,,Yes,alive,alive
Plot 57,P57-02,241,dead,,,,,,,,,,241.0,,,,,,,,alive,dead
Plot 57,P57-03,184,178,-6.0,35,Yes,New,SBB,123,Elephant,none,growing well,184.0,178.0,-6.0,123.0,35.0,Elephant,,Yes,alive,alive
Plot 57,P57-04,142,110,-32.0,50,Yes,old,MSB,110,Elephant,none,growing well,142.0,110.0,-32.0,110.0,50.0,Elephant,,Yes,alive,alive
Plot 57,P57-05,54.5,47,-7.5,40,Yes,old,MSB,47,Elephant,none,growing well,54.5,47.0,-7.5,47.0,40.0,Elephant,,Yes,alive,alive
Plot 57,P57-06,15.5,41,25.5,3,Yes,new,,,,none,regrowing,15.5,41.0,25.5,,3.0,,,Yes,alive,alive
Plot 57,P57-07,195,252,57.0,65,Yes,new,SBB,151,Elephant,none,Tag missing,195.0,252.0,57.0,151.0,65.0,Elephant,,Yes,alive,missing
Plot 57,P57-08,231,260,29.0,45,Yes,new,SBB,135,Rhino,none,growing well,231.0,260.0,29.0,135.0,45.0,Rhino,,Yes,alive,alive
Plot 57,P57-09,45,41,-4.0,5,Yes,new,MSB,41,Rhino,none,regrowing,45.0,41.0,-4.0,41.0,5.0,Rhino,,Yes,alive,alive
Plot 57,P57-10,205,208,3.0,60,Yes,new,SBB,159,Elephant,none,growing well,205.0,208.0,3.0,159.0,60.0,Elephant,,Yes,alive,alive
Plot 57,P57-11,142,119,-23.0,15,Yes,old,SBB,87,Elephant,none,Tag missing,142.0,119.0,-23.0,87.0,15.0,Elephant,,Yes,alive,missing
Plot 57,P57-12,27,26,-1.0,6,Yes,new,MSB,26,Rhino,none,regrowing,27.0,26.0,-1.0,26.0,6.0,Rhino,,Yes,alive,alive
Plot 57,P57-13,51,41,-10.0,5,Yes,new,,,,none,regrowing,51.0,41.0,-10.0,,5.0,,,Yes,alive,alive
Plot 57,P57-14,93,,-93.0,,,,,,,,Dead,93.0,,-93.0,,,,,,alive,dead
Plot 57,P57-15,27,40,13.0,5,Yes,new,,,,none,regrowing,27.0,40.0,13.0,,5.0,,,Yes,alive,alive
Plot 57,P57-16,138,,-138.0,,,,,,,,Dead,138.0,,-138.0,,,,,,alive,dead
Plot 57,P57-17,58,42,-16.0,35,Yes,old,MSB,42,Elephant,none,regrowing,58.0,42.0,-16.0,42.0,35.0,Elephant,,Yes,alive,alive
Plot 57,P57-18,197,136,-61.0,55,Yes,new,leaning,53,others,none,growing well,197.0,136.0,-61.0,53.0,55.0,Other,,Yes,alive,alive
Plot 57,P57-19,232,,-232.0,,,,,,,,Missing,232.0,,-232.0,,,,,,alive,missing
Plot 57,P57-20,113,106,-7.0,35,Yes,old,leaning,106,others,none,dying,113.0,106.0,-7.0,106.0,35.0,Other,,Yes,alive,alive
Plot 57,P57-21,26,45,19.0,4,,,,,,none,regrowing,26.0,45.0,19.0,,4.0,,,,alive,alive
Plot 57,P57-22,178,173,-5.0,40,Yes,new,SBB,122,Elephant,none,growing well,178.0,173.0,-5.0,122.0,40.0,Elephant,,Yes,alive,alive
Plot 57,P57-23,117,102,-15.0,60,Yes,old,MSB,102,Elephant,none,dry up,117.0,102.0,-15.0,102.0,60.0,Elephant,,Yes,alive,alive
Plot 57,P57-24,173,178,5.0,45,Yes,new,SBB,99,Rhino,none,growing well,173.0,178.0,5.0,99.0,45.0,Rhino,,Yes,alive,alive
Plot 57,P57-25,194,211,17.0,45,Yes,new,SBB,127,Rhino,none,growing well,194.0,211.0,17.0,127.0,45.0,Rhino,,Yes,alive,alive
Plot 57,P57-26,30,38,8.0,2.5,Yes,new,,,,none,regrowing,30.0,38.0,8.0,,2.5,,,Yes,alive,alive
Plot 57,P57-27,87,,-87.0,,,,,,,,Dead,87.0,,-87.0,,,,,,alive,dead
Plot 57,P57-28,148,152,4.0,40,Yes,new,SBB,80,Rhino,none,growing well,148.0,152.0,4.0,80.0,40.0,Rhino,,Yes,alive,alive
Plot 57,P57-29,178,188,10.0,50,Yes,new,SBB,108,Rhino,none,growing well,178.0,188.0,10.0,108.0,50.0,Rhino,,Yes,alive,alive
Plot 57,P57-30,184,244,60.0,65,Yes,new,TSO,102,others,none,growing well,184.0,244.0,60.0,102.0,65.0,Other,,Yes,alive,alive
Plot 57,P57-31,157,153,-4.0,40,Yes,new,SBB,114,Elephant,none,growing well,157.0,153.0,-4.0,114.0,40.0,Elephant,,Yes,alive,alive
Plot 57,P57-32,133,132,-1.0,45,Yes,new,SBB,85,others,none,growing well,133.0,132.0,-1.0,85.0,45.0,Other,,Yes,alive,alive
Plot 57,P57-33,111,112,1.0,40,Yes,new,SBB,112,others,none,growing well,111.0,112.0,1.0,112.0,40.0,Other,,Yes,alive,alive
Plot 57,P57-34,154,70,-84.0,35,Yes,old,MSB,70,Elephant,none,growing well,154.0,70.0,-84.0,70.0,35.0,Elephant,,Yes,alive,alive
Plot 57,P57-35,91,107,16.0,16,Yes,new,SBB,87,Elephant,none,growing well,91.0,107.0,16.0,87.0,16.0,Elephant,,Yes,alive,alive
Plot 57,P57-36,73,65,-8.0,12,Yes,new,MSB,68,Elephant,none,growing well,73.0,65.0,-8.0,68.0,12.0,Elephant,,Yes,alive,alive
Plot 57,P57-37,136,130,-6.0,50,Yes,new,SBB,110,others,none,growing well,136.0,130.0,-6.0,110.0,50.0,Other,,Yes,alive,alive
Plot 57,P57-38,261,204,-57.0,79,Yes,new,SBB,72,others,none,growing well,261.0,204.0,-57.0,72.0,79.0,Other,,Yes,alive,alive
Plot 57,P57-39,168,157,-11.0,30,Yes,old,SBB,89,Elephant,none,dry up,168.0,157.0,-11.0,89.0,30.0,Elephant,,Yes,alive,alive
Plot 57,P57-40,50,52,2.0,5,Yes,old,MSB,52,Elephant,none,dry up,50.0,52.0,2.0,52.0,5.0,Elephant,,Yes,alive,alive
Plot 57,P57-41,33,54,21.0,8,No,new,,,,none,regrowing,33.0,54.0,21.0,,8.0,,,No,alive,alive
Plot 57,P57-42,130,120,-10.0,50,Yes,new,SBB,87,Elephant,BBR,growing well,130.0,120.0,-10.0,87.0,50.0,Elephant,BBR,Yes,alive,alive
Plot 57,P57-43,105,129,24.0,25,Yes,new,SBB,90,Rhino,TP,growing well,105.0,129.0,24.0,90.0,25.0,Rhino,TP,Yes,alive,alive
Plot 57,P57-44,167,166,-1.0,40,Yes,new,SBB,110,Elephant,AB,growing well,167.0,166.0,-1.0,110.0,40.0,Elephant,AB,Yes,alive,alive
Plot 57,P57-45,300,307,7.0,60,Yes,new,SBB,181,Elephant,none,growing well,300.0,307.0,7.0,181.0,60.0,Elephant,,Yes,alive,alive
Plot 57,P57-46,156,148,-8.0,35,Yes,new,SBB,100,Elephant,none,,156.0,148.0,-8.0,100.0,35.0,Elephant,,Yes,alive,alive
Plot 57,P57-47,260,280,20.0,85,Yes,new,SBB,171,Elephant,none,growing well,260.0,280.0,20.0,171.0,85.0,Elephant,,Yes,alive,alive
Plot 57,P57-48,144,140,-4.0,60,Yes,old,SBB,87,Elephant,none,dry up,144.0,140.0,-4.0,87.0,60.0,Elephant,,Yes,alive,alive
Plot 57,P57-49,119,94,-25.0,20,Yes,old,SBB,94,Elephant,none,dry up,119.0,94.0,-25.0,94.0,20.0,Elephant,,Yes,alive,alive
Plot 57,P57-50,240,237,-3.0,75,Yes,new,SBB,237,Elephant,none,growing well,240.0,237.0,-3.0,237.0,75.0,Elephant,,Yes,alive,alive
Plot 58,P58-1,269,258,-11.0,80,Yes,,MSB,149,Elephant,RRB,,269.0,258.0,-11.0,149.0,80.0,Elephant,RRB,Yes,alive,alive
Plot 58,P58-2,19,27,8.0,3,Yes,,TSO,20,Rhino,,DISTANCE IS 2.5M,19.0,27.0,8.0,20.0,3.0,Rhino,,Yes,alive,alive
Plot 58,P58-3,199,214,15.0,50,Yes,,TSO,168,Giraffe,RRB,,199.0,214.0,15.0,168.0,50.0,Giraffe,RRB,Yes,alive,alive
Plot 58,P58-4,195,240,45.0,60,Yes,,TSO,110,Rhino,RRB,,195.0,240.0,45.0,110.0,60.0,Rhino,RRB,Yes,alive,alive
Plot 58,P58-5,432,385,-47.0,140,Yes,,SBB,216,Elephant,RRB,,432.0,385.0,-47.0,216.0,140.0,Elephant,RRB,Yes,alive,alive
Plot 58,P58-6,22,14,-8.0,2,Yes,,MSB,3,Rhino,,"TAG MISSING, RETAG",22.0,14.0,-8.0,3.0,2.0,Rhino,,Yes,alive,missing
Plot 58,P58-7,152,243,91.0,80,Yes,,SBB,122,Rhino,,,152.0,243.0,91.0,122.0,80.0,Rhino,,Yes,alive,alive
Plot 58,P58-8,244,172,-72.0,50,Yes,,TSO,164,Giraffe,RRB,,244.0,172.0,-72.0,164.0,50.0,Giraffe,RRB,Yes,alive,alive
Plot 58,P58-9,273,350,77.0,100,Yes,,SBB,164,Elephant,RRB,,273.0,350.0,77.0,164.0,100.0,Elephant,RRB,Yes,alive,alive
Plot 58,P58-10,87,68,-19.0,40,Yes,,SBB,55,Rhino,,,87.0,68.0,-19.0,55.0,40.0,Rhino,,Yes,alive,alive
Plot 58,P58-11,19,34,15.0,2,,,,,,,"TAG MISSING, RETAG",19.0,34.0,15.0,,2.0,,,,alive,missing
Plot 58,P58-12,144,187,43.0,70,Yes,,SBB,122,Elephant,RRB,,144.0,187.0,43.0,122.0,70.0,Elephant,RRB,Yes,alive,alive
Plot 58,P58-13,47,62,15.0,40,Yes,,MSB,62,Elephant,,,47.0,62.0,15.0,62.0,40.0,Elephant,,Yes,alive,alive
Plot 58,P58-14,90,74,-16.0,40,Yes,,SBB,70,Rhino,RRB,"TAG MISSING, RETAG",90.0,74.0,-16.0,70.0,40.0,Rhino,RRB,Yes,alive,missing
Plot 58,P58-15,26,32,6.0,3,,,,,,RRB,"TAG MISSING, RETAG",26.0,32.0,6.0,,3.0,,RRB,,alive,missing
Plot 58,P58-16,46,60,14.0,35,,,,,,,TAG MISSING. RETAG,46.0,60.0,14.0,,35.0,,,,alive,missing
Plot 58,P58-17,89,101,12.0,30,Yes,,TSO,38,Rhino,BBR,,89.0,101.0,12.0,38.0,30.0,Rhino,BBR,Yes,alive,alive
Plot 58,P58-18,178,200,22.0,50,,,,,,BBR,,178.0,200.0,22.0,,50.0,,BBR,,alive,alive
Plot 58,P58-19,145,144,-1.0,70,Yes,,SBB,117,Elephant,,,145.0,144.0,-1.0,117.0,70.0,Elephant,,Yes,alive,alive
Plot 58,P58-20,177,179,2.0,50,Yes,,TSO,142,Elephant,RRB,DRYING UP,177.0,179.0,2.0,142.0,50.0,Elephant,RRB,Yes,alive,alive
Plot 58,P58-21,289,149,-140.0,160,Yes,,SBB,149,Elephant,,DRYING UP,289.0,149.0,-140.0,149.0,160.0,Elephant,,Yes,alive,alive
Plot 58,P58-22,256,280,24.0,70,Yes,,SBB,170,Elephant,,,256.0,280.0,24.0,170.0,70.0,Elephant,,Yes,alive,alive
Plot 58,P58-23,176,174,-2.0,40,Yes,,SBB,100,Others,BBR,,176.0,174.0,-2.0,100.0,40.0,Other,BBR,Yes,alive,alive
Plot 58,P58-24,153,154,1.0,80,Yes,,MSB,154,Elephant,,,153.0,154.0,1.0,154.0,80.0,Elephant,,Yes,alive,alive
Plot 58,P58-25,259,280,21.0,80,Yes,,MSB,280,Elephant,RRB,,259.0,280.0,21.0,280.0,80.0,Elephant,RRB,Yes,alive,alive
Plot 58,P58-26,327,363,36.0,70,Yes,,SBB,143,Others,RRB,,327.0,363.0,36.0,143.0,70.0,Other,RRB,Yes,alive,alive
Plot 58,P58-27,137,165,28.0,60,Yes,,TSO,136,Rhino,RRB,"DISTANCE FROM 27 TO 31 IS 7M, BEARING IS 302",137.0,165.0,28.0,136.0,60.0,Rhino,RRB,Yes,alive,alive
Plot 58,P58-28,60,DEAD,,DEAD,,DEAD,DEAD,DEAD,DEAD,DEAD,"DEAD, TAG FOUND",60.0,,,,,Dead,DEAD,,alive,dead
Plot 58,P58-29,176,DEAD,,DEAD,,DEAD,DEAD,DEAD,DEAD,DEAD,"DEAD, TAG FOUND",176.0,,,,,Dead,DEAD,,alive,dead
Plot 58,P58-30,153,DEAD,,DEAD,,DEAD,DEAD,DEAD,DEAD,DEAD,"DEAD, TAG FOUND",153.0,,,,,Dead,DEAD,,alive,dead
Plot 58,P58-31,218,229,11.0,60,Yes,,TSO,229,Elephant,RRB,,218.0,229.0,11.0,229.0,60.0,Elephant,RRB,Yes,alive,alive
Plot 58,P58-32,35,20,-15.0,3,Yes,,SBB,1,Others,,,35.0,20.0,-15.0,1.0,3.0,Other,,Yes,alive,alive
Plot 58,P58-33,165,260,95.0,60,Yes,,TSO,237,Giraffe,RRB,,165.0,260.0,95.0,237.0,60.0,Giraffe,RRB,Yes,alive,alive
Plot 58,P58-34,148,167,19.0,50,Yes,,TSO,134,Elephant,RRB,,148.0,167.0,19.0,134.0,50.0,Elephant,RRB,Yes,alive,alive
Plot 58,P58-35,378,420,42.0,110,Yes,,SBB,185,Elephant,RRB,,378.0,420.0,42.0,185.0,110.0,Elephant,RRB,Yes,alive,alive
Plot 58,P58-36,139,157,18.0,50,Yes,,SBB,157,Elephant,RRB,,139.0,157.0,18.0,157.0,50.0,Elephant,RRB,Yes,alive,alive
Plot 58,P58-37,54,72,18.0,30,,,,,,,,54.0,72.0,18.0,,30.0,,,,alive,alive
Plot 58,P58-38,137,161,24.0,50,Yes,,TSO,142,Giraffe,RRB,,137.0,161.0,24.0,142.0,50.0,Giraffe,RRB,Yes,alive,alive
Plot 58,P58-39,289,336,47.0,90,Yes,,SBB,170,Elephant,,,289.0,336.0,47.0,170.0,90.0,Elephant,,Yes,alive,alive
Plot 58,P58-40,277,172,-105.0,90,Yes,,MSB,172,Elephant,,,277.0,172.0,-105.0,172.0,90.0,Elephant,,Yes,alive,alive
Plot 58,P58-41,340,340,0.0,170,Yes,,SBB,176,Others,,,340.0,340.0,0.0,176.0,170.0,Other,,Yes,alive,alive
Plot 58,P58-42,345,380,35.0,100,Yes,,SBB,290,Others,,,345.0,380.0,35.0,290.0,100.0,Other,,Yes,alive,alive
Plot 58,P58-43,168,192,24.0,60,Yes,,TSO,170,Elephant,,,168.0,192.0,24.0,170.0,60.0,Elephant,,Yes,alive,alive
Plot 58,P58-44,187,198,11.0,10,Yes,,SBB,187,Others,,,187.0,198.0,11.0,187.0,10.0,Other,,Yes,alive,alive
Plot 58,P58-45,149,169,20.0,60,Yes,,SBB,88,Rhino,RRB,,149.0,169.0,20.0,88.0,60.0,Rhino,RRB,Yes,alive,alive
Plot 58,P58-46,150,192,42.0,60,Yes,,TSO,153,Rhino,,,150.0,192.0,42.0,153.0,60.0,Rhino,,Yes,alive,alive
Plot 58,P58-47,223,110,-113.0,90,Yes,,MSB,110,Elephant,,,223.0,110.0,-113.0,110.0,90.0,Elephant,,Yes,alive,alive
Plot 58,P58-48,171,230,59.0,800,Yes,,SBB,132,Elephant,RRB,,171.0,230.0,59.0,132.0,800.0,Elephant,RRB,Yes,alive,alive
Plot 58,P58-49,112,148,36.0,40,Yes,,TSO,134,Elephant,RRB,,112.0,148.0,36.0,134.0,40.0,Elephant,RRB,Yes,alive,alive
Plot 58,P58-50,225,275,50.0,100,Yes,,SBB,155,Elephant,RRB,,225.0,275.0,50.0,155.0,100.0,Elephant,RRB,Yes,alive,alive
Plot 59,P59-01,330,282,-48.0,95,Yes,Old,MSB,243,Elephant,,Drying up,330.0,282.0,-48.0,243.0,95.0,Elephant,,Yes,alive,alive
Plot 59,P59-02,155,131,-24.0,60,Yes,Old,MSB,131,Elephant,,,155.0,131.0,-24.0,131.0,60.0,Elephant,,Yes,alive,alive
Plot 59,P59-03,192,262,70.0,50,Yes,Old,SBB,133,Elephant,BBR,,192.0,262.0,70.0,133.0,50.0,Elephant,BBR,Yes,alive,alive
Plot 59,P59-04,195,159,-36.0,70,Yes,Old,MSB,114,Elephant,RRB,,195.0,159.0,-36.0,114.0,70.0,Elephant,RRB,Yes,alive,alive
Plot 59,P59-05,180,105,-75.0,60,Yes,Old,MSB,105,Elephant,,,180.0,105.0,-75.0,105.0,60.0,Elephant,,Yes,alive,alive
Plot 59,P59-06,60,58,-2.0,60,Yes,Old,MSB,58,Elephant,,Drying up,60.0,58.0,-2.0,58.0,60.0,Elephant,,Yes,alive,alive
Plot 59,P59-07,78,74,-4.0,40,Yes,Old,MSB,74,Elephant,,,78.0,74.0,-4.0,74.0,40.0,Elephant,,Yes,alive,alive
Plot 59,P59-08,150,156,6.0,46,Yes,Old,SBB,101,Elephant,RRB,,150.0,156.0,6.0,101.0,46.0,Elephant,RRB,Yes,alive,alive
Plot 59,P59-09,260,200,-60.0,60,Yes,Old,SBB,200,Elephant,RRB,Tag missing,260.0,200.0,-60.0,200.0,60.0,Elephant,RRB,Yes,alive,missing
Plot 59,P59-10,165,220,55.0,58,Yes,Old,MSB,136,Elephant,RRB,,165.0,220.0,55.0,136.0,58.0,Elephant,RRB,Yes,alive,alive
Plot 59,P59-11,237,331,94.0,65,Yes,Old,SBB,100,Elephant,RRB,Drying up,237.0,331.0,94.0,100.0,65.0,Elephant,RRB,Yes,alive,alive
Plot 59,P59-12,76,21,-55.0,25,Yes,Old,MSB,21,Elephant,,,76.0,21.0,-55.0,21.0,25.0,Elephant,,Yes,alive,alive
Plot 59,P59-13,67,70,3.0,28,Yes,Old,MSB,70,Elephant,,,67.0,70.0,3.0,70.0,28.0,Elephant,,Yes,alive,alive
Plot 59,P59-14,86,66,-20.0,35,Yes,Old,MSB,66,Elephant,RRB,,86.0,66.0,-20.0,66.0,35.0,Elephant,RRB,Yes,alive,alive
Plot 59,P59-15,40,44,4.0,35,Yes,Old,MSB,44,Elephant,,,40.0,44.0,4.0,44.0,35.0,Elephant,,Yes,alive,alive
Plot 59,P59-16,56,,-56.0,,,,,,,,Dead/Tag Found,56.0,,-56.0,,,,,,alive,dead
Plot 59,P59-17,279,185,-94.0,100,Yes,Old,MSB,185,Elephant,RRB,,279.0,185.0,-94.0,185.0,100.0,Elephant,RRB,Yes,alive,alive
Plot 59,P59-18,193,181,-12.0,70,Yes,Old,SBB,69,Elephant,BBR,,193.0,181.0,-12.0,69.0,70.0,Elephant,BBR,Yes,alive,alive
Plot 59,P59-19,104,38,-66.0,35,Yes,Old,MSB,38,Elephant,,Tag missing/Drying,104.0,38.0,-66.0,38.0,35.0,Elephant,,Yes,alive,missing
Plot 59,P59-20,115,112,-3.0,37,Yes,Old,MSB,112,Elephant,,,115.0,112.0,-3.0,112.0,37.0,Elephant,,Yes,alive,alive
Plot 59,P59-21,107,110,3.0,30,Yes,Old,MSB,66,Elephant,BBR,,107.0,110.0,3.0,66.0,30.0,Elephant,BBR,Yes,alive,alive
Plot 59,P59-22,103,13,-90.0,15,Yes,Old,MSB,13,Elephant,,Tag missing/Drying,103.0,13.0,-90.0,13.0,15.0,Elephant,,Yes,alive,missing
Plot 59,P59-23,106,96,-10.0,14,Yes,Old,MSB,96,Elephant,,,106.0,96.0,-10.0,96.0,14.0,Elephant,,Yes,alive,alive
Plot 59,P59-24,58,50,-8.0,30,Yes,Old,MSB,56,Elephant,,Drying up,58.0,50.0,-8.0,56.0,30.0,Elephant,,Yes,alive,alive
Plot 59,P59-25,117,112,-5.0,30,Yes,Old,SBB,112,Elephant,,AB,117.0,112.0,-5.0,112.0,30.0,Elephant,,Yes,alive,alive
Plot 59,P59-26,176,188,12.0,25,Yes,Old,SBB,152,Elephant,,,176.0,188.0,12.0,152.0,25.0,Elephant,,Yes,alive,alive
Plot 59,P59-27,140,150,10.0,50,Yes,Old,SBB,130,Elephant,BBR,,140.0,150.0,10.0,130.0,50.0,Elephant,BBR,Yes,alive,alive
Plot 59,P59-28,170,93,-77.0,28,Yes,Old,MSB,93,Elephant,,Drying up,170.0,93.0,-77.0,93.0,28.0,Elephant,,Yes,alive,alive
Plot 59,P59-29,212,234,22.0,45,Yes,Old,SBB,180,Elephant,,AB,212.0,234.0,22.0,180.0,45.0,Elephant,,Yes,alive,alive
Plot 59,P59-30,140,198,58.0,56,Yes,Old,MSB,80,Elephant,BBR,,140.0,198.0,58.0,80.0,56.0,Elephant,BBR,Yes,alive,alive
Plot 59,P59-31,110,,-110.0,,,,,,,,Dead/Tag Found,110.0,,-110.0,,,,,,alive,dead
Plot 59,P59-32,195,194,-1.0,60,Yes,Old,MSB,155,Elephant,BBR,AB,195.0,194.0,-1.0,155.0,60.0,Elephant,BBR,Yes,alive,alive
Plot 59,P59-33,57,82,25.0,30,Yes,Old,SBB,69,Elephant,BBR,,57.0,82.0,25.0,69.0,30.0,Elephant,BBR,Yes,alive,alive
Plot 59,P59-34,26,24,-2.0,2,Yes,Old,SBB,24,Elephant,,,26.0,24.0,-2.0,24.0,2.0,Elephant,,Yes,alive,alive
Plot 59,P59-35,130,130,0.0,35,Yes,Old,SBB,130,Elephant,RRB,,130.0,130.0,0.0,130.0,35.0,Elephant,RRB,Yes,alive,alive
Plot 59,P59-36,413,332,-81.0,50,Yes,Old,SBB,178,Elephant,BBR,,413.0,332.0,-81.0,178.0,50.0,Elephant,BBR,Yes,alive,alive
Plot 59,P59-37,215,200,-15.0,25,Yes,Old,MSB,200,Elephant,BBR,,215.0,200.0,-15.0,200.0,25.0,Elephant,BBR,Yes,alive,alive
Plot 59,P59-38,157,187,30.0,25,Yes,Old,SBB,113,Elephant,RRB,,157.0,187.0,30.0,113.0,25.0,Elephant,RRB,Yes,alive,alive
Plot 59,P59-39,117,100,-17.0,26,Yes,Old,SBB,100,Elephant,RRB,,117.0,100.0,-17.0,100.0,26.0,Elephant,RRB,Yes,alive,alive
Plot 59,P59-40,89,78,-11.0,2,Yes,Old,MSB,76,Elephant,,,89.0,78.0,-11.0,76.0,2.0,Elephant,,Yes,alive,alive
Plot 59,P59-41,59,55,-4.0,25,Yes,Old,MSB,55,Elephant,RRB,,59.0,55.0,-4.0,55.0,25.0,Elephant,RRB,Yes,alive,alive
Plot 59,P59-42,61,53,-8.0,35,Yes,Old,MSB,53,Elephant,,Drying up,61.0,53.0,-8.0,53.0,35.0,Elephant,,Yes,alive,alive
Plot 59,P59-43,90,45,-45.0,40,Yes,Old,MSB,15,Elephant,,,90.0,45.0,-45.0,15.0,40.0,Elephant,,Yes,alive,alive
Plot 59,P59-44,130,,-130.0,,,,,,,,Dead/Tag Found,130.0,,-130.0,,,,,,alive,dead
Plot 59,P59-45,98,,-98.0,,,,,,,,Dead/Tag Found,98.0,,-98.0,,,,,,alive,dead
Plot 59,P59-46,104,100,-4.0,20,Yes,Old,SBB,95,Elephant,BBR,,104.0,100.0,-4.0,95.0,20.0,Elephant,BBR,Yes,alive,alive
Plot 59,P59-47,154,197,43.0,50,Yes,Old,SBB,152,Elephant,BBR,,154.0,197.0,43.0,152.0,50.0,Elephant,BBR,Yes,alive,alive
Plot 59,P59-48,294,187,-107.0,50,Yes,Old,SBB,146,Elephant,RRB,,294.0,187.0,-107.0,146.0,50.0,Elephant,RRB,Yes,alive,alive
Plot 59,P59-49,115,135,20.0,25,Yes,Old,SBB,114,Elephant,RRB,,115.0,135.0,20.0,114.0,25.0,Elephant,RRB,Yes,alive,alive
Plot 59,P59-50,195,148,-47.0,45,Yes,Old,MSB,148,Elephant,,Drying up,195.0,148.0,-47.0,148.0,45.0,Elephant,,Yes,alive,alive
Plot 61,P61-1,327,327,0.0,100,Yes,,SBB,23,Others,AB,,327.0,327.0,0.0,23.0,100.0,Other,AB,Yes,alive,alive
Plot 61,P61-2,258,258,0.0,100,Yes,,SBB,168,Others,BBR,"BEARING FROM TO 3 IS 127, DISTAMCE IS 9M",258.0,258.0,0.0,168.0,100.0,Other,BBR,Yes,alive,alive
Plot 61,P61-3,30,51,21.0,3,,,,,,,,30.0,51.0,21.0,,3.0,,,,alive,alive
Plot 61,P61-4,19,40,21.0,5,,,,,,,,19.0,40.0,21.0,,5.0,,,,alive,alive
Plot 61,P61-5,250,DEAD,,DEAD,,DEAD,DEAD,DEAD,DEAD,DEAD,"DEAD, TAG FOUND",250.0,,,,,Dead,DEAD,,alive,dead
Plot 61,P61-6,242,252,10.0,160,Yes,,SBB,240,Elephant,,,242.0,252.0,10.0,240.0,160.0,Elephant,,Yes,alive,alive
Plot 61,P61-7,122,174,52.0,60,Yes,,SBB,118,Rhino,RRB,,122.0,174.0,52.0,118.0,60.0,Rhino,RRB,Yes,alive,alive
Plot 61,P61-8,5,19,14.0,3,,,,,,,"TAG MISSING, RETAG",5.0,19.0,14.0,,3.0,,,,alive,missing
Plot 61,P61-9,166,187,21.0,60,Yes,,SBB,118,Others,TP,,166.0,187.0,21.0,118.0,60.0,Other,TP,Yes,alive,alive
Plot 61,P61-10,200,184,-16.0,60,Yes,,SBB,184,Others,BBR,,200.0,184.0,-16.0,184.0,60.0,Other,BBR,Yes,alive,alive
Plot 61,P61-11,234,270,36.0,80,Yes,,MSB,178,Elephant,,,234.0,270.0,36.0,178.0,80.0,Elephant,,Yes,alive,alive
Plot 61,P61-12,104,100,-4.0,80,Yes,,MSB,100,Elephant,,DRYING UP,104.0,100.0,-4.0,100.0,80.0,Elephant,,Yes,alive,alive
Plot 61,P61-13,160,DEAD,,DEAD,,DEAD,DEAD,DEAD,DEAD,DEAD,"DEAD, TAG FOUND",160.0,,,,,Dead,DEAD,,alive,dead
Plot 61,P61-14,229,270,41.0,100,Yes,,MSB,270,Elephant,RRB,,229.0,270.0,41.0,270.0,100.0,Elephant,RRB,Yes,alive,alive
Plot 61,P61-15,20,20,0.0,3,,,,,,,,20.0,20.0,0.0,,3.0,,,,alive,alive
Plot 61,P61-16,24,35,11.0,5,Yes,,MSB,26,Rhino,,,24.0,35.0,11.0,26.0,5.0,Rhino,,Yes,alive,alive
Plot 61,P61-17,34,DEAD,,DEAD,,DEAD,DEAD,DEAD,DEAD,DEAD,"DEAD, TAG FOUND",34.0,,,,,Dead,DEAD,,alive,dead
Plot 61,P61-18,5,30,25.0,4,,,,,,,,5.0,30.0,25.0,,4.0,,,,alive,alive
Plot 61,P61-19,201,DEAD,,DEAD,,DEAD,DEAD,DEAD,DEAD,DEAD,"DEAD, TAG FOUND",201.0,,,,,Dead,DEAD,,alive,dead
Plot 61,P61-20,20,22,2.0,4,Yes,,TSO,8,Rhino,,"TAG MISSING, RETAG",20.0,22.0,2.0,8.0,4.0,Rhino,,Yes,alive,missing
Plot 61,P61-21,9,38,29.0,5,Yes,,TSO,28,Rhino,,,9.0,38.0,29.0,28.0,5.0,Rhino,,Yes,alive,alive
Plot 61,P61-22,16,40,24.0,5,Yes,,TSO,25,Rhino,,,16.0,40.0,24.0,25.0,5.0,Rhino,,Yes,alive,alive
Plot 61,P61-23,219,DEAD,,DEAD,,DEAD,DEAD,DEAD,DEAD,DEAD,"DEAD, TAG FOUND",219.0,,,,,Dead,DEAD,,alive,dead
Plot 61,P61-24,290,264,-26.0,70,Yes,,SBB,170,Elephant,,DRYING UP,290.0,264.0,-26.0,170.0,70.0,Elephant,,Yes,alive,alive
Plot 61,P61-25,21,26,5.0,5,Yes,,TSO,25,Rhino,,,21.0,26.0,5.0,25.0,5.0,Rhino,,Yes,alive,alive
Plot 61,P61-26,6,35,29.0,4,,,,,,,,6.0,35.0,29.0,,4.0,,,,alive,alive
Plot 61,P61-27,110,140,30.0,30,Yes,,MSB,140,Rhino,AB,,110.0,140.0,30.0,140.0,30.0,Rhino,AB,Yes,alive,alive
Plot 61,P61-28,12,14,2.0,4,,,,,,,,12.0,14.0,2.0,,4.0,,,,alive,alive
Plot 61,P61-29,27,35,8.0,2,Yes,,SBB,174,Elephant,AB,TAG MISSING,27.0,35.0,8.0,174.0,2.0,Elephant,AB,Yes,alive,missing
Plot 61,P61-30,234,219,-15.0,90,Yes,,SBB,174,Elephant,AB,,234.0,219.0,-15.0,174.0,90.0,Elephant,AB,Yes,alive,alive
Plot 61,P61-31,27,30,3.0,3,,,,,,,"TAG MISSING, RETAG",27.0,30.0,3.0,,3.0,,,,alive,missing
Plot 61,P61-32,44,90,46.0,50,,,,,,,,44.0,90.0,46.0,,50.0,,,,alive,alive
Plot 61,P61-33,20,39,19.0,5,Yes,,SBB,16,Rhino,,,20.0,39.0,19.0,16.0,5.0,Rhino,,Yes,alive,alive
Plot 61,P61-34,14,41,27.0,3,Yes,,SBB,25,Others,,,14.0,41.0,27.0,25.0,3.0,Other,,Yes,alive,alive
Plot 61,P61-35,254,210,-44.0,80,Yes,,SBB,160,Elephant,,,254.0,210.0,-44.0,160.0,80.0,Elephant,,Yes,alive,alive
Plot 61,P61-36,100,86,-14.0,40,Yes,,SBB,86,Rhino,RRB,,100.0,86.0,-14.0,86.0,40.0,Rhino,RRB,Yes,alive,alive
Plot 61,P61-37,180,182,2.0,50,Yes,,SBB,133,Rhino,BBR,,180.0,182.0,2.0,133.0,50.0,Rhino,BBR,Yes,alive,alive
Plot 61,P61-38,30,42,12.0,4,Yes,,TSO,42,Rhino,,,30.0,42.0,12.0,42.0,4.0,Rhino,,Yes,alive,alive
Plot 61,P61-39,15,43,28.0,10,,,,,,,,15.0,43.0,28.0,,10.0,,,,alive,alive
Plot 61,P61-40,19,43,24.0,5,,,,,,,,19.0,43.0,24.0,,5.0,,,,alive,alive
Plot 61,P61-41,25,35,10.0,10,Yes,,MSB,8,Rhino,,,25.0,35.0,10.0,8.0,10.0,Rhino,,Yes,alive,alive
Plot 61,P61-42,33,47,14.0,7,,,,,,,,33.0,47.0,14.0,,7.0,,,,alive,alive
Plot 61,P61-43,185,104,-81.0,50,Yes,,MSB,104,Elephant,,,185.0,104.0,-81.0,104.0,50.0,Elephant,,Yes,alive,alive
Plot 61,P61-44,179,DEAD,,DEAD,,DEAD,DEAD,DEAD,DEAD,DEAD,"DEAD, TAG FOUND",179.0,,,,,Dead,DEAD,,alive,dead
Plot 61,P61-45,34,28,-6.0,30,,,,,,AB,,34.0,28.0,-6.0,,30.0,,AB,,alive,alive
Plot 61,P61-46,109,102,-7.0,25,Yes,,MSB,102,Others,,,109.0,102.0,-7.0,102.0,25.0,Other,,Yes,alive,alive
Plot 61,P61-47,235,252,17.0,100,Yes,,SBB,223,Others,,"TAG MISSING, RETAG",235.0,252.0,17.0,223.0,100.0,Other,,Yes,alive,missing
Plot 61,P61-48,154,138,-16.0,40,Yes,,TSO,102,Rhino,,,154.0,138.0,-16.0,102.0,40.0,Rhino,,Yes,alive,alive
Plot 61,P61-49,200,DEAD,,DEAD,,DEAD,DEAD,DEAD,DEAD,DEAD,"DEAD, TAG FOUND",200.0,,,,,Dead,DEAD,,alive,dead
Plot 61,P61-50,280,285,5.0,100,Yes,,TSO,210,Elephant,,,280.0,285.0,5.0,210.0,100.0,Elephant,,Yes,alive,alive
Plot 60,P60-1,680,716,36.0,160,Yes,,SBB,181,Others,AB,,680.0,716.0,36.0,181.0,160.0,Other,AB,Yes,alive,alive
Plot 60,P60-2,500,451,-49.0,100,Yes,,SBB,451,Others,,DRYING UP,500.0,451.0,-49.0,451.0,100.0,Other,,Yes,alive,alive
Plot 60,P60-3,644,644,0.0,120,Yes,,SBB,644,Others,,,644.0,644.0,0.0,644.0,120.0,Other,,Yes,alive,alive
Plot 60,P60-4,235,314,79.0,65,Yes,,SBB,130,Others,,DRYING UP,235.0,314.0,79.0,130.0,65.0,Other,,Yes,alive,alive
Plot 60,P60-5,454,547,93.0,90,Yes,,SBB,491,Others,AB,,454.0,547.0,93.0,491.0,90.0,Other,AB,Yes,alive,alive
Plot 60,P60-6,630,666,36.0,130,Yes,,SBB,463,Others,AB,,630.0,666.0,36.0,463.0,130.0,Other,AB,Yes,alive,alive
Plot 60,P60-7,640,640,0.0,145,Yes,,SBB,443,Others,AB,,640.0,640.0,0.0,443.0,145.0,Other,AB,Yes,alive,alive
Plot 60,P60-8,537,644,107.0,75,Yes,,SBB,356,Others,,,537.0,644.0,107.0,356.0,75.0,Other,,Yes,alive,alive
Plot 60,P60-9,416,490,74.0,70,Yes,,SBB,259,Others,,,416.0,490.0,74.0,259.0,70.0,Other,,Yes,alive,alive
Plot 60,P60-10,560,MISSING,,MISSING,,MISSING,MISSING,MISSING,MISSING,MISSING,MISSING,560.0,,,,,Missing,MISSING,,alive,missing
Plot 60,P60-11,524,558,34.0,100,Yes,,SBB,232,Others,,,524.0,558.0,34.0,232.0,100.0,Other,,Yes,alive,alive
Plot 60,P60-12,400,450,50.0,70,Yes,,SBB,232,Others,,,400.0,450.0,50.0,232.0,70.0,Other,,Yes,alive,alive
Plot 60,P60-13,309,326,17.0,100,Yes,,MSB,326,Elephant,,,309.0,326.0,17.0,326.0,100.0,Elephant,,Yes,alive,alive
Plot 60,P60-14,468,453,-15.0,29,Yes,,SBB,379,Elephant,,,468.0,453.0,-15.0,379.0,29.0,Elephant,,Yes,alive,alive
Plot 60,P60-15,164,200,36.0,30,Yes,,SBB,80,Others,TP,,164.0,200.0,36.0,80.0,30.0,Other,TP,Yes,alive,alive
Plot 60,P60-16,196,280,84.0,50,Yes,,SBB,242,Others,,,196.0,280.0,84.0,242.0,50.0,Other,,Yes,alive,alive
Plot 60,P60-17,356,243,-113.0,90,Yes,,SBB,243,Elephant,TP,,356.0,243.0,-113.0,243.0,90.0,Elephant,TP,Yes,alive,alive
Plot 60,P60-18,250,277,27.0,50,Yes,,SBB,90,Others,TP,,250.0,277.0,27.0,90.0,50.0,Other,TP,Yes,alive,alive
Plot 60,P60-19,187,186,-1.0,100,Yes,,MSB,186,Elephant,,DRYING UP,187.0,186.0,-1.0,186.0,100.0,Elephant,,Yes,alive,alive
Plot 60,P60-20,191,239,48.0,90,Yes,,MSB,160,Elephant,,,191.0,239.0,48.0,160.0,90.0,Elephant,,Yes,alive,alive
Plot 60,P60-21,325,376,51.0,80,Yes,,SBB,140,Others,,,325.0,376.0,51.0,140.0,80.0,Other,,Yes,alive,alive
Plot 60,P60-22,212,220,8.0,60,Yes,,SBB,220,Elephant,,DRYING UP,212.0,220.0,8.0,220.0,60.0,Elephant,,Yes,alive,alive
Plot 60,P60-23,279,257,-22.0,120,Yes,,MSB,147,Others,,DRYING UP,279.0,257.0,-22.0,147.0,120.0,Other,,Yes,alive,alive
Plot 60,P60-24,363,DEAD,,DEAD,,DEAD,DEAD,DEAD,DEAD,DEAD,DEAD,363.0,,,,,Dead,DEAD,,alive,dead
Plot 60,P60-25,369,429,60.0,40,Yes,,MSB,250,Elephant,,,369.0,429.0,60.0,250.0,40.0,Elephant,,Yes,alive,alive
Plot 60,P60-26,220,288,68.0,120,Yes,,MSB,144,Others,,,220.0,288.0,68.0,144.0,120.0,Other,,Yes,alive,alive
Plot 60,P60-27,160,315,155.0,40,Yes,,MSB,180,Others,,,160.0,315.0,155.0,180.0,40.0,Other,,Yes,alive,alive
Plot 60,P60-28,278,500,222.0,170,Yes,,SBB,175,Others,,,278.0,500.0,222.0,175.0,170.0,Other,,Yes,alive,alive
Plot 60,P60-29,445,500,55.0,170,Yes,,SBB,291,Others,,,445.0,500.0,55.0,291.0,170.0,Other,,Yes,alive,alive
Plot 60,P60-30,430,420,-10.0,160,Yes,,MSB,330,Others,,"TAG MISSING, RETAG",430.0,420.0,-10.0,330.0,160.0,Other,,Yes,alive,missing
Plot 60,P60-31,198,19,-179.0,40,Yes,,SBB,184,Others,TP,,198.0,19.0,-179.0,184.0,40.0,Other,TP,Yes,alive,alive
Plot 60,P60-32,364,368,4.0,130,Yes,,SBB,190,Others,,,364.0,368.0,4.0,190.0,130.0,Other,,Yes,alive,alive
Plot 60,P60-33,238,267,29.0,90,Yes,,SBB,180,Others,,,238.0,267.0,29.0,180.0,90.0,Other,,Yes,alive,alive
Plot 60,P60-34,313,338,25.0,80,Yes,,MSB,122,Others,,,313.0,338.0,25.0,122.0,80.0,Other,,Yes,alive,alive
Plot 60,P60-35,237,288,51.0,40,Yes,,SBB,230,Others,,,237.0,288.0,51.0,230.0,40.0,Other,,Yes,alive,alive
Plot 60,P60-36,166,97,-69.0,50,Yes,,MSB,97,Elephant,,,166.0,97.0,-69.0,97.0,50.0,Elephant,,Yes,alive,alive
Plot 60,P60-37,243,300,57.0,60,Yes,,SBB,270,Others,TP,,243.0,300.0,57.0,270.0,60.0,Other,TP,Yes,alive,alive
Plot 60,P60-38,488,510,22.0,140,Yes,,MSB,270,Others,,,488.0,510.0,22.0,270.0,140.0,Other,,Yes,alive,alive
Plot 60,P60-39,347,359,12.0,90,Yes,,SBB,250,Others,,,347.0,359.0,12.0,250.0,90.0,Other,,Yes,alive,alive
Plot 60,P60-40,309,454,145.0,130,Yes,,MSB,200,Others,TP,,309.0,454.0,145.0,200.0,130.0,Other,TP,Yes,alive,alive
Plot 60,P60-41,327,346,19.0,80,Yes,,MSB,167,Others,,,327.0,346.0,19.0,167.0,80.0,Other,,Yes,alive,alive
Plot 60,P60-42,389,450,61.0,100,Yes,,MSB,190,Others,,,389.0,450.0,61.0,190.0,100.0,Other,,Yes,alive,alive
Plot 60,P60-43,289,190,-99.0,100,Yes,,MSB,190,Others,,,289.0,190.0,-99.0,190.0,100.0,Other,,Yes,alive,alive
Plot 60,P60-44,340,366,26.0,96,Yes,,MSB,187,Others,,,340.0,366.0,26.0,187.0,96.0,Other,,Yes,alive,alive
Plot 60,P60-45,424,440,16.0,100,Yes,,SBB,200,Others,,,424.0,440.0,16.0,200.0,100.0,Other,,Yes,alive,alive
Plot 60,P60-46,161,387,226.0,130,Yes,,SBB,198,Others,,,161.0,387.0,226.0,198.0,130.0,Other,,Yes,alive,alive
Plot 60,P60-47,130,162,32.0,90,Yes,,MSB,122,Others,TP,,130.0,162.0,32.0,122.0,90.0,Other,TP,Yes,alive,alive
Plot 60,P60-48,678,68,-610.0,60,,,MSB,68,Others,,"DEAD, STUMP STANDING.",678.0,68.0,-610.0,68.0,60.0,Other,,,alive,dead
Plot 60,P60-49,130,130,0.0,80,Yes,,MSB,130,Others,,,130.0,130.0,0.0,130.0,80.0,Other,,Yes,alive,alive
Plot 60,P60-50,235,240,5.0,70,Yes,,MSB,220,Elephant,,,235.0,240.0,5.0,220.0,70.0,Elephant,,Yes,alive,alive
Plot 63,P63-1,390,400,10.0,110,Yes,,SBB,185,Elephant,,,390.0,400.0,10.0,185.0,110.0,Elephant,,Yes,alive,alive
Plot 63,P63-2,265,DEAD,,DEAD,,DEAD,DEAD,DEAD,DEAD,DEAD,"DEAD, TAG FOUND.",265.0,,,,,Dead,DEAD,,alive,dead
Plot 63,P63-3,303,296,-7.0,160,Yes,,SBB,99,Elephant,,,303.0,296.0,-7.0,99.0,160.0,Elephant,,Yes,alive,alive
Plot 63,P63-4,20,23,3.0,3,Yes,,TSO,23,Others,,"TAG MISSING, RETAG",20.0,23.0,3.0,23.0,3.0,Other,,Yes,alive,missing
Plot 63,P63-5,13,19,6.0,20,Yes,,TSO,,Rhino,,,13.0,19.0,6.0,,20.0,Rhino,,Yes,alive,alive
Plot 63,P63-6,368,DEAD,,DEAD,,DEAD,DEAD,DEAD,DEAD,DEAD,DEAD,368.0,,,,,Dead,DEAD,,alive,dead
Plot 63,P63-7,400,DEAD,,DEAD,,DEAD,DEAD,DEAD,DEAD,DEAD,DEAD,400.0,,,,,Dead,DEAD,,alive,dead
Plot 63,P63-8,330,DEAD,,DEAD,,DEAD,DEAD,DEAD,DEAD,DEAD,DEAD,330.0,,,,,Dead,DEAD,,alive,dead
Plot 63,P63-9,381,DEAD,,DEAD,,DEAD,DEAD,DEAD,DEAD,DEAD,DEAD,381.0,,,,,Dead,DEAD,,alive,dead
Plot 63,P63-10,22,22,0.0,20,,,,,,,"TAG MISSING, RETAG",22.0,22.0,0.0,,20.0,,,,alive,missing
Plot 63,P63-11,512,DEAD,,DEAD,,DEAD,DEAD,DEAD,DEAD,DEAD,DEAD,512.0,,,,,Dead,DEAD,,alive,dead
Plot 63,P63-12,7,32,25.0,4,Yes,,TSO,24,Rhino,,,7.0,32.0,25.0,24.0,4.0,Rhino,,Yes,alive,alive
Plot 63,P63-13,12,18,6.0,10,,,,,,,,12.0,18.0,6.0,,10.0,,,,alive,alive
Plot 63,P63-14,387,DEAD,,DEAD,,DEAD,DEAD,DEAD,DEAD,DEAD,DEAD,387.0,,,,,Dead,DEAD,,alive,dead
Plot 63,P63-15,329,DEAD,,DEAD,,DEAD,DEAD,DEAD,DEAD,DEAD,DEAD,329.0,,,,,Dead,DEAD,,alive,dead
Plot 63,P63-16,362,DEAD,,DEAD,,DEAD,DEAD,DEAD,DEAD,DEAD,DEAD,362.0,,,,,Dead,DEAD,,alive,dead
Plot 63,P63-17,399,DEAD,,DEAD,,DEAD,DEAD,DEAD,DEAD,DEAD,DEAD,399.0,,,,,Dead,DEAD,,alive,dead
Plot 63,P63-18,26,34,8.0,50,Yes,,TSO,34,Rhino,,,26.0,34.0,8.0,34.0,50.0,Rhino,,Yes,alive,alive
Plot 63,P63-19,314,DEAD,,DEAD,,DEAD,DEAD,DEAD,DEAD,DEAD,DEAD,314.0,,,,,Dead,DEAD,,alive,dead
Plot 63,P63-20,29,22,-7.0,40,Yes,,MSB,22,Rhino,,,29.0,22.0,-7.0,22.0,40.0,Rhino,,Yes,alive,alive
Plot 63,P63-21,14,40,26.0,50,Yes,,SBB,34,Rhino,,,14.0,40.0,26.0,34.0,50.0,Rhino,,Yes,alive,alive
Plot 63,P63-22,367,310,-57.0,160,Yes,,SBB,156,Elephant,,,367.0,310.0,-57.0,156.0,160.0,Elephant,,Yes,alive,alive
Plot 63,P63-23,20,14,-6.0,10,,,,,,,,20.0,14.0,-6.0,,10.0,,,,alive,alive
Plot 63,P63-24,330,340,10.0,120,Yes,,SBB,320,Others,,,330.0,340.0,10.0,320.0,120.0,Other,,Yes,alive,alive
Plot 63,P63-25,205,DEAD,,DEAD,Yes,DEAD,DEAD,DEAD,DEAD,DEAD,DEAD,205.0,,,,,Dead,DEAD,Yes,alive,dead
Plot 63,P63-26,286,DEAD,,DEAD,,DEAD,DEAD,DEAD,DEAD,DEAD,DEAD,286.0,,,,,Dead,DEAD,,alive,dead
Plot 63,P63-27,423,457,34.0,140,Yes,,SBB,270,Elephant,AB,"TAG MISSING, RETAG",423.0,457.0,34.0,270.0,140.0,Elephant,AB,Yes,alive,missing
Plot 63,P63-28,21,35,14.0,3,Yes,,MSB,18,Others,,,21.0,35.0,14.0,18.0,3.0,Other,,Yes,alive,alive
Plot 63,P63-29,384,321,-63.0,260,Yes,,SBB,194,Elephant,AB,,384.0,321.0,-63.0,194.0,260.0,Elephant,AB,Yes,alive,alive
Plot 63,P63-30,400,435,35.0,140,Yes,,SBB,235,Elephant,,,400.0,435.0,35.0,235.0,140.0,Elephant,,Yes,alive,alive
Plot 63,P63-31,475,DEAD,,DEAD,,DEAD,DEAD,DEAD,DEAD,DEAD,DEAD,475.0,,,,,Dead,DEAD,,alive,dead
Plot 63,P63-32,8,29,21.0,30,Yes,,SBB,8,Rhino,,,8.0,29.0,21.0,8.0,30.0,Rhino,,Yes,alive,alive
Plot 63,P63-33,350,370,20.0,220,Yes,,SBB,200,Elephant,,"TAG MISSING, RETAG",350.0,370.0,20.0,200.0,220.0,Elephant,,Yes,alive,missing
Plot 63,P63-34,369,373,4.0,130,Yes,,SBB,250,Others,,,369.0,373.0,4.0,250.0,130.0,Other,,Yes,alive,alive
Plot 63,P63-35,328,350,22.0,130,Yes,,SBB,250,Others,,,328.0,350.0,22.0,250.0,130.0,Other,,Yes,alive,alive
Plot 63,P63-36,364,370,6.0,200,Yes,,SBB,214,Others,,,364.0,370.0,6.0,214.0,200.0,Other,,Yes,alive,alive
Plot 63,P63-37,410,419,9.0,130,Yes,,SBB,240,Elephant,,,410.0,419.0,9.0,240.0,130.0,Elephant,,Yes,alive,alive
Plot 63,P63-38,350,350,0.0,140,Yes,,SBB,153,Others,,,350.0,350.0,0.0,153.0,140.0,Other,,Yes,alive,alive
Plot 63,P63-39,382,327,-55.0,120,Yes,,SBB,275,Elephant,,,382.0,327.0,-55.0,275.0,120.0,Elephant,,Yes,alive,alive
Plot 63,P63-40,423,360,-63.0,180,Yes,,SBB,177,Elephant,,,423.0,360.0,-63.0,177.0,180.0,Elephant,,Yes,alive,alive
Plot 63,P63-41,17,56,39.0,3,Yes,,TSO,56,Rhino,,,17.0,56.0,39.0,56.0,3.0,Rhino,,Yes,alive,alive
Plot 63,P63-42,22,55,33.0,4,Yes,,MSB,23,Rhino,,,22.0,55.0,33.0,23.0,4.0,Rhino,,Yes,alive,alive
Plot 63,P63-43,11,40,29.0,4,,,,,,,,11.0,40.0,29.0,,4.0,,,,alive,alive
Plot 63,P63-44,384,420,36.0,200,Yes,,SBB,227,Others,,,384.0,420.0,36.0,227.0,200.0,Other,,Yes,alive,alive
Plot 63,P63-45,423,433,10.0,135,Yes,,SBB,220,Others,,,423.0,433.0,10.0,220.0,135.0,Other,,Yes,alive,alive
Plot 63,P63-46,370,390,20.0,160,Yes,,SBB,230,Elephant,,,370.0,390.0,20.0,230.0,160.0,Elephant,,Yes,alive,alive
Plot 63,P63-47,12.5,24,11.5,20,Yes,,MSB,24,Rhino,,,12.5,24.0,11.5,24.0,20.0,Rhino,,Yes,alive,alive
Plot 63,P63-48,414,97,-317.0,160,Yes,,MSB,97,Others,,REGROWING.,414.0,97.0,-317.0,97.0,160.0,Other,,Yes,alive,alive
Plot 63,P63-49,12,37,25.0,4,Yes,,,,,,"TAG MISSING, RETAG",12.0,37.0,25.0,,4.0,,,Yes,alive,missing
Plot 63,P63-50,500,500,0.0,150,Yes,,SBB,200,Others,,,500.0,500.0,0.0,200.0,150.0,Other,,Yes,alive,alive
Plot 70,P70-01,231,,-231.0,,Yes,,,,,,Dead/Tag missing,231.0,,-231.0,,,,,Yes,alive,missing
Plot 70,P70-02,36,36,0.0,35,Yes,Old,MSB,23,Elephant,RRB,,36.0,36.0,0.0,23.0,35.0,Elephant,RRB,Yes,alive,alive
Plot 70,P70-03,152,137,-15.0,80,Yes,Old,MSB,137,Rhino,,Dryin up,152.0,137.0,-15.0,137.0,80.0,Rhino,,Yes,alive,alive
Plot 70,P70-04,19,42,23.0,2,Yes,Old,MSB,42,Elephant,,,19.0,42.0,23.0,42.0,2.0,Elephant,,Yes,alive,alive
Plot 70,P70-05,168,,-168.0,,,,,,,,Dead/Tag missing,168.0,,-168.0,,,,,,alive,missing
Plot 70,P70-06,164,159,-5.0,45,Yes,Old,SBB,96,Elephant,,,164.0,159.0,-5.0,96.0,45.0,Elephant,,Yes,alive,alive
Plot 70,P70-07,100,,-100.0,,,,,,,,Dead/Tag missing,100.0,,-100.0,,,,,,alive,missing
Plot 70,P70-08,86,,-86.0,,,,,,,,Dead/Tag missing,86.0,,-86.0,,,,,,alive,missing
Plot 70,P70-09,14.5,,-14.5,,,,,,,,Dead/Tag missing,14.5,,-14.5,,,,,,alive,missing
Plot 70,P70-10,21,40,19.0,12,Yes,Old,MSB,40,Rhino,,,21.0,40.0,19.0,40.0,12.0,Rhino,,Yes,alive,alive
Plot 70,P70-11,11,20,9.0,2,Yes,Old,MSB,20,Rhino,,,11.0,20.0,9.0,20.0,2.0,Rhino,,Yes,alive,alive
Plot 70,P70-12,229,228,-1.0,50,,Old,SBB,228,Elephant,,Missing,229.0,228.0,-1.0,228.0,50.0,Elephant,,,alive,missing
Plot 70,P70-13,170,240,70.0,45,Yes,Old,SBB,240,Elephant,,Tag found/Missing,170.0,240.0,70.0,240.0,45.0,Elephant,,Yes,alive,missing
Plot 70,P70-14,213,,-213.0,,,,,,,,Tag found/Missing,213.0,,-213.0,,,,,,alive,missing
Plot 70,P70-15,10,,-10.0,,,,,,,,Dead/Tag found,10.0,,-10.0,,,,,,alive,dead
Plot 70,P70-16,15,30,15.0,2,Yes,Old,MSB,30,Rhino,,,15.0,30.0,15.0,30.0,2.0,Rhino,,Yes,alive,alive
Plot 70,P70-17,175,,-175.0,,Yes,,,,,,Dead/Tag found,175.0,,-175.0,,,,,Yes,alive,dead
Plot 70,P70-18,73,62,-11.0,2,Yes,Old,MSB,62,Elephant,,Dead/Tag found,73.0,62.0,-11.0,62.0,2.0,Elephant,,Yes,alive,dead
Plot 70,P70-19,15,30,15.0,2,Yes,Old,SBB,20,Other,,Dead/Tag found,15.0,30.0,15.0,20.0,2.0,Other,,Yes,alive,dead
Plot 70,P70-20,145,,-145.0,,Yes,,,,,,Dead/Tag found,145.0,,-145.0,,,,,Yes,alive,dead
Plot 70,P70-21,20,42,22.0,2,Yes,Old,SBB,30,Other,,Dead/Tag found,20.0,42.0,22.0,30.0,2.0,Other,,Yes,alive,dead
Plot 70,P70-22,133,,-133.0,,,,,,,,,133.0,,-133.0,,,,,,alive,nan
Plot 70,P70-23,136,,-136.0,,,,,,,,,136.0,,-136.0,,,,,,alive,nan
Plot 70,P70-24,16.5,21,4.5,2,Yes,Old,SBB,13,Rhino,,,16.5,21.0,4.5,13.0,2.0,Rhino,,Yes,alive,alive
Plot 70,P70-25,15,28,13.0,2,Yes,Old,MSB,28,Rhino,,Tag found on the ground,15.0,28.0,13.0,28.0,2.0,Rhino,,Yes,alive,alive
Plot 70,P70-26,28,25,-3.0,2,Yes,Old,MSB,25,Other,,,28.0,25.0,-3.0,25.0,2.0,Other,,Yes,alive,alive
Plot 70,P70-27,104,25,-79.0,30,Yes,Old,MSB,50,Elephant,,Tag found/dead branches,104.0,25.0,-79.0,50.0,30.0,Elephant,,Yes,alive,dead
Plot 70,P70-28,20,33,13.0,2,Yes,Old,MSB,33,Elephant,,missing,20.0,33.0,13.0,33.0,2.0,Elephant,,Yes,alive,missing
Plot 70,P70-29,28,66,38.0,2,Yes,Old,MSB,50,Elephant,,Dead/Tag found,28.0,66.0,38.0,50.0,2.0,Elephant,,Yes,alive,dead
Plot 70,P70-30,22,20,-2.0,4,Yes,Old,MSB,20,Rhino,,,22.0,20.0,-2.0,20.0,4.0,Rhino,,Yes,alive,alive
Plot 70,P70-31,118,,-118.0,,,,,,,,Dead,118.0,,-118.0,,,,,,alive,dead
Plot 70,P70-32,26,,-26.0,,,,,,,,,26.0,,-26.0,,,,,,alive,nan
Plot 70,P70-33,30,31,1.0,4,Yes,Old,MSB,31,Rhino,,,30.0,31.0,1.0,31.0,4.0,Rhino,,Yes,alive,alive
Plot 70,P70-34,33,45,12.0,15,Yes,Old,MSB,13,Rhino,,,33.0,45.0,12.0,13.0,15.0,Rhino,,Yes,alive,alive
Plot 70,P70-35,55,48,-7.0,12,Yes,Old,MSB,9,Elephant,,,55.0,48.0,-7.0,9.0,12.0,Elephant,,Yes,alive,alive
Plot 70,P70-36,20,,-20.0,,,,,,,,missing,20.0,,-20.0,,,,,,alive,missing
Plot 70,P70-37,24,46,22.0,20,Yes,Old,MSB,46,Elephant,,,24.0,46.0,22.0,46.0,20.0,Elephant,,Yes,alive,alive
Plot 70,P70-38,148,,-148.0,,,,,,,,Dead/Tag found,148.0,,-148.0,,,,,,alive,dead
Plot 70,P70-39,90,,-90.0,,,,,,,,Dead/Tag found,90.0,,-90.0,,,,,,alive,dead
Plot 70,P70-40,230,,-230.0,,,,,,,,Dead/Tag found,230.0,,-230.0,,,,,,alive,dead
Plot 70,P70-41,30,,-30.0,,,,,,,,Missing,30.0,,-30.0,,,,,,alive,missing
Plot 70,P70-42,20,23,3.0,21,Yes,Old,MSB,10,Elephant,RRB,,20.0,23.0,3.0,10.0,21.0,Elephant,RRB,Yes,alive,alive
Plot 70,P70-43,203,221,18.0,45,Yes,Old,SBB,120,Elephant,RRB,,203.0,221.0,18.0,120.0,45.0,Elephant,RRB,Yes,alive,alive
Plot 70,P70-44,10,240,230.0,10,Yes,Old,MSB,24,Elephant,RRB,,10.0,240.0,230.0,24.0,10.0,Elephant,RRB,Yes,alive,alive
Plot 70,P70-45,235,240,5.0,70,Yes,Old,SBB,121,Elephant,RRB,,235.0,240.0,5.0,121.0,70.0,Elephant,RRB,Yes,alive,alive
Plot 70,P70-46,118,23,-95.0,10,Yes,Old,MSB,23,Elephant,RRB,Dead/Tag found,118.0,23.0,-95.0,23.0,10.0,Elephant,RRB,Yes,alive,dead
Plot 70,P70-47,10,21,11.0,7,Yes,Old,MSB,80,Elephant,RRB,Tag missing,10.0,21.0,11.0,80.0,7.0,Elephant,RRB,Yes,alive,missing
Plot 70,P70-48,180,,-180.0,,Yes,,,,,,Dead/Tag found,180.0,,-180.0,,,,,Yes,alive,dead
Plot 70,P70-49,216,210,-6.0,40,Yes,Old,SBB,178,Elephant,RRB,,216.0,210.0,-6.0,178.0,40.0,Elephant,RRB,Yes,alive,alive
Plot 70,P70-50,196,165,-31.0,90,Yes,Old,MSB,105,Elephant,RRB,Dryin up,196.0,165.0,-31.0,105.0,90.0,Elephant,RRB,Yes,alive,alive
Plot 71,P71-1,413,DEAD,,DEAD,,DEAD,DEAD,DEAD,DEAD,DEAD,"DEAD, TAG FOUND",413.0,,,,,Dead,DEAD,,alive,dead
Plot 71,P71-2,221,189,-32.0,50,Yes,,MSB,176,Elephant,RRB,,221.0,189.0,-32.0,176.0,50.0,Elephant,RRB,Yes,alive,alive
Plot 71,P71-3,245,253,8.0,80,Yes,,TSO,189,Elephant,,"TAG MISSING, RETAG",245.0,253.0,8.0,189.0,80.0,Elephant,,Yes,alive,missing
Plot 71,P71-4,253,298,45.0,80,Yes,,TSO,194,Elephant,,,253.0,298.0,45.0,194.0,80.0,Elephant,,Yes,alive,alive
Plot 71,P71-5,321,374,53.0,100,Yes,,SBB,169,Others,,"TAG MISSING, RETAG",321.0,374.0,53.0,169.0,100.0,Other,,Yes,alive,missing
Plot 71,P71-6,366,DEAD,,DEAD,,DEAD,DEAD,DEAD,DEAD,DEAD,"DEAD, NO TAG",366.0,,,,,Dead,DEAD,,alive,dead
Plot 71,P71-7,245,195,-50.0,90,Yes,,SBB,156,Elephant,,"TAG MISSING, RETAG",245.0,195.0,-50.0,156.0,90.0,Elephant,,Yes,alive,missing
Plot 71,P71-8,327,262,-65.0,90,Yes,,MSB,250,Elephant,,,327.0,262.0,-65.0,250.0,90.0,Elephant,,Yes,alive,alive
Plot 71,P71-9,353,240,-113.0,80,Yes,,SBB,146,Elephant,TP,"DISTANCE FROM 9 TO 11 IS 3.9M , BEARING IS 293",353.0,240.0,-113.0,146.0,80.0,Elephant,TP,Yes,alive,alive
Plot 71,P71-10,81,DEAD,,DEAD,,DEAD,DEAD,DEAD,DEAD,DEAD,DEAD,81.0,,,,,Dead,DEAD,,alive,dead
Plot 71,P71-11,281,332,51.0,70,Yes,,SBB,332,Elephant,TP,,281.0,332.0,51.0,332.0,70.0,Elephant,TP,Yes,alive,alive
Plot 71,P71-12,471,114,-357.0,130,Yes,,MSB,114,Elephant,,,471.0,114.0,-357.0,114.0,130.0,Elephant,,Yes,alive,alive
Plot 71,P71-13,418,423,5.0,100,Yes,,SBB,244,Elephant,,,418.0,423.0,5.0,244.0,100.0,Elephant,,Yes,alive,alive
Plot 71,P71-14,499,159,-340.0,170,Yes,,MSB,159,Elephant,,,499.0,159.0,-340.0,159.0,170.0,Elephant,,Yes,alive,alive
Plot 71,P71-15,287,151,-136.0,70,Yes,,MSB,151,Elephant,TP,,287.0,151.0,-136.0,151.0,70.0,Elephant,TP,Yes,alive,alive
Plot 71,P71-16,412,399,-13.0,80,Yes,,SBB,210,Elephant,,"TAG MISSING, RETAG",412.0,399.0,-13.0,210.0,80.0,Elephant,,Yes,alive,missing
Plot 71,P71-17,32,63,31.0,10,Yes,,TSO,53,Rhino,,,32.0,63.0,31.0,53.0,10.0,Rhino,,Yes,alive,alive
Plot 71,P71-18,198,221,23.0,70,Yes,,TSO,183,Giraffe,RRB,,198.0,221.0,23.0,183.0,70.0,Giraffe,RRB,Yes,alive,alive
Plot 71,P71-19,309,360,51.0,70,Yes,,SBB,265,Elephant,,,309.0,360.0,51.0,265.0,70.0,Elephant,,Yes,alive,alive
Plot 71,P71-20,387,375,-12.0,100,Yes,,SBB,257,Elephant,TP,,387.0,375.0,-12.0,257.0,100.0,Elephant,TP,Yes,alive,alive
Plot 71,P71-21,425,130,-295.0,120,Yes,,MSB,25,Elephant,AB,,425.0,130.0,-295.0,25.0,120.0,Elephant,AB,Yes,alive,alive
Plot 71,P71-22,27,23,-4.0,6,Yes,,TSO,23,Rhino,,,27.0,23.0,-4.0,23.0,6.0,Rhino,,Yes,alive,alive
Plot 71,P71-23,171,180,9.0,80,Yes,,SBB,143,Others,BBR,,171.0,180.0,9.0,143.0,80.0,Other,BBR,Yes,alive,alive
Plot 71,P71-24,33,51,18.0,10,Yes,,SBB,45,Rhino,,"TAG MISSING, RETAG",33.0,51.0,18.0,45.0,10.0,Rhino,,Yes,alive,missing
Plot 71,P71-25,142,140,-2.0,50,Yes,,SBB,140,Elephant,,"TAG MISSING, RETAG",142.0,140.0,-2.0,140.0,50.0,Elephant,,Yes,alive,missing
Plot 71,P71-26,21,65,44.0,9,Yes,,MSB,10,Rhino,,,21.0,65.0,44.0,10.0,9.0,Rhino,,Yes,alive,alive
Plot 71,P71-27,213,247,34.0,80,Yes,,TSO,140,Elephant,RRB,,213.0,247.0,34.0,140.0,80.0,Elephant,RRB,Yes,alive,alive
Plot 71,P71-28,153,170,17.0,60,Yes,,TSO,150,Giraffe,BBR,,153.0,170.0,17.0,150.0,60.0,Giraffe,BBR,Yes,alive,alive
Plot 71,P71-29,195,153,-42.0,40,Yes,,TSO,143,Rhino,,,195.0,153.0,-42.0,143.0,40.0,Rhino,,Yes,alive,alive
Plot 71,P71-30,112,105,-7.0,30,Yes,,MSB,105,Elephant,,,112.0,105.0,-7.0,105.0,30.0,Elephant,,Yes,alive,alive
Plot 71,P71-31,429,171,-258.0,110,Yes,,MSB,80,Elephant,,,429.0,171.0,-258.0,80.0,110.0,Elephant,,Yes,alive,alive
Plot 71,P71-32,19,52,33.0,2,Yes,,TSO,38,Rhino,,,19.0,52.0,33.0,38.0,2.0,Rhino,,Yes,alive,alive
Plot 71,P71-33,79,80,1.0,70,Yes,,MSB,80,Elephant,,,79.0,80.0,1.0,80.0,70.0,Elephant,,Yes,alive,alive
Plot 71,P71-34,142,136,-6.0,70,Yes,,MSB,130,Elephant,,,142.0,136.0,-6.0,130.0,70.0,Elephant,,Yes,alive,alive
Plot 71,P71-35,31,29,-2.0,10,Yes,,TSO,29,Rhino,,,31.0,29.0,-2.0,29.0,10.0,Rhino,,Yes,alive,alive
Plot 71,P71-36,280,268,-12.0,110,Yes,,TSO,210,Giraffe,RRB,,280.0,268.0,-12.0,210.0,110.0,Giraffe,RRB,Yes,alive,alive
Plot 71,P71-37,17,60,43.0,16,,,,,,,"TAG MISSING, RETAG",17.0,60.0,43.0,,16.0,,,,alive,missing
Plot 71,P71-38,362,260,-102.0,100,Yes,,MSB,260,Elephant,,,362.0,260.0,-102.0,260.0,100.0,Elephant,,Yes,alive,alive
Plot 71,P71-39,69,70,1.0,90,Yes,,MSB,70,Elephant,,,69.0,70.0,1.0,70.0,90.0,Elephant,,Yes,alive,alive
Plot 71,P71-40,229,260,31.0,70,Yes,,TSO,240,Giraffe,,,229.0,260.0,31.0,240.0,70.0,Giraffe,,Yes,alive,alive
Plot 71,P71-41,25,36,11.0,30,Yes,,TSO,36,Rhino,,"TAG MISSING, RETAG",25.0,36.0,11.0,36.0,30.0,Rhino,,Yes,alive,missing
Plot 71,P71-42,59,50,-9.0,10,Yes,,TSO,13,Rhino,BBR,,59.0,50.0,-9.0,13.0,10.0,Rhino,BBR,Yes,alive,alive
Plot 71,P71-43,383,360,-23.0,110,Yes,,SBB,347,Elephant,,"TAG MISSING, RETAG",383.0,360.0,-23.0,347.0,110.0,Elephant,,Yes,alive,missing
Plot 71,P71-44,160,152,-8.0,60,Yes,,TSO,148,Rhino,,,160.0,152.0,-8.0,148.0,60.0,Rhino,,Yes,alive,alive
Plot 71,P71-45,155,169,14.0,60,Yes,,SBB,113,Others,BBR,,155.0,169.0,14.0,113.0,60.0,Other,BBR,Yes,alive,alive
Plot 71,P71-46,292,260,-32.0,80,Yes,,TSO,227,Elephant,AB,,292.0,260.0,-32.0,227.0,80.0,Elephant,AB,Yes,alive,alive
Plot 71,P71-47,127,130,3.0,40,Yes,,SBB,130,Others,,,127.0,130.0,3.0,130.0,40.0,Other,,Yes,alive,alive
Plot 71,P71-48,208,247,39.0,70,Yes,,TSO,165,Elephant,,,208.0,247.0,39.0,165.0,70.0,Elephant,,Yes,alive,alive
Plot 71,P71-49,457,474,17.0,70,Yes,,TSO,253,Elephant,,"TAG MISSING, RETAG",457.0,474.0,17.0,253.0,70.0,Elephant,,Yes,alive,missing
Plot 71,P71-50,325,DEAD,,DEAD,,DEAD,DEAD,DEAD,DEAD,DEAD,"DEAD, TAG FOUND",325.0,,,,,Dead,DEAD,,alive,dead
Plot 72,P72-1,309,378,69.0,150,Yes,,TSO,156,Elephant,AB,"DYSTANCE FROM 1 TO 4 IS 15M, BESRAING IS 241",309.0,378.0,69.0,156.0,150.0,Elephant,AB,Yes,alive,alive
Plot 72,P72-2,204,DEAD,,DEAD,,DEAD,DEAD,DEAD,DEAD,DEAD,"DEAD, TAG FOUND",204.0,,,,,Dead,DEAD,,alive,dead
Plot 72,P72-3,156,DEAD,,DEAD,,DEAD,DEAD,DEAD,DEAD,DEAD,"DEAD, TAG FOUND",156.0,,,,,Dead,DEAD,,alive,dead
Plot 72,P72-4,215,200,-15.0,70,Yes,,MSB,150,Elephant,,DRYING UP,215.0,200.0,-15.0,150.0,70.0,Elephant,,Yes,alive,alive
Plot 72,P72-5,158,147,-11.0,90,Yes,,SBB,150,Elephant,,DRYING UP,158.0,147.0,-11.0,150.0,90.0,Elephant,,Yes,alive,alive
Plot 72,P72-6,10,50,40.0,4,Yes,,TSO,50,Rhino,,,10.0,50.0,40.0,50.0,4.0,Rhino,,Yes,alive,alive
Plot 72,P72-7,91,82,-9.0,6,Yes,,MSB,82,Rhino,AB,,91.0,82.0,-9.0,82.0,6.0,Rhino,AB,Yes,alive,alive
Plot 72,P72-8,256,251,-5.0,150,Yes,,TSO,172,Giraffe,RRB,,256.0,251.0,-5.0,172.0,150.0,Giraffe,RRB,Yes,alive,alive
Plot 72,P72-9,69,MISSING,,MISSING,,MISSING,MISSING,MISSING,MISSING,MISSING,MISSING,69.0,,,,,Missing,MISSING,,alive,missing
Plot 72,P72-10,53,46,-7.0,2,Yes,,TSO,37,Rhino,,,53.0,46.0,-7.0,37.0,2.0,Rhino,,Yes,alive,alive
Plot 72,P72-11,235,260,25.0,70,Yes,,MSB,105,Elephant,,,235.0,260.0,25.0,105.0,70.0,Elephant,,Yes,alive,alive
Plot 72,P72-12,110,122,12.0,100,Yes,,MSB,122,Others,,DRYING UP,110.0,122.0,12.0,122.0,100.0,Other,,Yes,alive,alive
Plot 72,P72-13,229,223,-6.0,70,Yes,,TSO,214,Giraffe,BBR,,229.0,223.0,-6.0,214.0,70.0,Giraffe,BBR,Yes,alive,alive
Plot 72,P72-14,276,276,0.0,90,Yes,,SBB,166,Elephant,RRB,,276.0,276.0,0.0,166.0,90.0,Elephant,RRB,Yes,alive,alive
Plot 72,P72-15,249,275,26.0,80,Yes,,SBB,114,Elephant,BBR,,249.0,275.0,26.0,114.0,80.0,Elephant,BBR,Yes,alive,alive
Plot 72,P72-16,185,187,2.0,90,Yes,,MSB,187,Elephant,BBR,,185.0,187.0,2.0,187.0,90.0,Elephant,BBR,Yes,alive,alive
Plot 72,P72-17,30,43,13.0,5,Yes,,MSB,43,Rhino,,,30.0,43.0,13.0,43.0,5.0,Rhino,,Yes,alive,alive
Plot 72,P72-18,250,245,-5.0,120,Yes,,SBB,163,Elephant,BBR,,250.0,245.0,-5.0,163.0,120.0,Elephant,BBR,Yes,alive,alive
Plot 72,P72-19,287,294,7.0,80,,,SBB,162,Elephant,BBR,"DISTANCE FROM 19 TO 21 IS 6.8M, BEARING IS 33",287.0,294.0,7.0,162.0,80.0,Elephant,BBR,,alive,alive
Plot 72,P72-20,100,DEAD,,DEAD,,DEAD,DEAD,DEAD,DEAD,DEAD,DEAD,100.0,,,,,Dead,DEAD,,alive,dead
Plot 72,P72-21,165,185,20.0,60,,,TSO,159,Elephant,BBR,"DISTANCE FROM 21 TO 24 IS 13.5M , BEARING IS 352",165.0,185.0,20.0,159.0,60.0,Elephant,BBR,,alive,alive
Plot 72,P72-22,95,DEAD,,DEAD,,DEAD,DEAD,DEAD,DEAD,DEAD,DEAD,95.0,,,,,Dead,DEAD,,alive,dead
Plot 72,P72-23,165,DEAD,,DEAD,,DEAD,DEAD,DEAD,DEAD,DEAD,DEAD,165.0,,,,,Dead,DEAD,,alive,dead
Plot 72,P72-24,315,321,6.0,140,Yes,,MSB,190,Elephant,RRB,,315.0,321.0,6.0,190.0,140.0,Elephant,RRB,Yes,alive,alive
Plot 72,P72-25,256,275,19.0,100,Yes,,TSO,130,Rhino,AB,"DISTANCE FROM 25 TO 27 IS 6.1M, BEARING IS 10",256.0,275.0,19.0,130.0,100.0,Rhino,AB,Yes,alive,alive
Plot 72,P72-26,194,DEAD,,DEAD,,DEAD,DEAD,DEAD,DEAD,DEAD,DEAD,194.0,,,,,Dead,DEAD,,alive,dead
Plot 72,P72-27,235,256,21.0,60,Yes,,SBB,194,Elephant,RRB,,235.0,256.0,21.0,194.0,60.0,Elephant,RRB,Yes,alive,alive
Plot 72,P72-28,270,279,9.0,130,Yes,,SBB,238,Elephant,BBR,,270.0,279.0,9.0,238.0,130.0,Elephant,BBR,Yes,alive,alive
Plot 72,P72-29,192,189,-3.0,70,Yes,,SBB,130,Others,,"DISTANCE FROM 29 TO 31 IS 10.5M , BEARING IS 201",192.0,189.0,-3.0,130.0,70.0,Other,,Yes,alive,alive
Plot 72,P72-30,462,DEAD,,DEAD,,DEAD,DEAD,DEAD,DEAD,DEAD,DEAD,462.0,,,,,Dead,DEAD,,alive,dead
Plot 72,P72-31,22,30,8.0,2,Yes,,TSO,30,Rhino,RRB,,22.0,30.0,8.0,30.0,2.0,Rhino,RRB,Yes,alive,alive
Plot 72,P72-32,187,218,31.0,80,Yes,,SBB,100,Others,RRB,"TAG MISSING, RETAG",187.0,218.0,31.0,100.0,80.0,Other,RRB,Yes,alive,missing
Plot 72,P72-33,235,274,39.0,100,Yes,,SBB,174,Elephant,RRB,,235.0,274.0,39.0,174.0,100.0,Elephant,RRB,Yes,alive,alive
Plot 72,P72-34,53,MISSING,,MISSING,,MISSING,MISSING,MISSING,MISSING,MISSING,"MISSING, TAG FOUND",53.0,,,,,Missing,MISSING,,alive,missing
Plot 72,P72-35,66,30,-36.0,4,Yes,,TSO,22,Rhino,,"TAG MISSING, RETAG",66.0,30.0,-36.0,22.0,4.0,Rhino,,Yes,alive,missing
Plot 72,P72-36,155,DEAD,,DEAD,,DEAD,DEAD,DEAD,DEAD,DEAD,"DEAD, TAG FOUND",155.0,,,,,Dead,DEAD,,alive,dead
Plot 72,P72-37,146,144,-2.0,40,Yes,,TSO,144,Rhino,,,146.0,144.0,-2.0,144.0,40.0,Rhino,,Yes,alive,alive
Plot 72,P72-38,51,DEAD,,DEAD,,DEAD,DEAD,DEAD,DEAD,DEAD,"DEAD, TAG FOUND.",51.0,,,,,Dead,DEAD,,alive,dead
Plot 72,P72-39,12,60,48.0,2,,,,,,,,12.0,60.0,48.0,,2.0,,,,alive,alive
Plot 72,P72-40,203,216,13.0,70,Yes,,SBB,130,Others,RRB,,203.0,216.0,13.0,130.0,70.0,Other,RRB,Yes,alive,alive
Plot 72,P72-41,170,155,-15.0,60,Yes,,SBB,150,Others,,DRYING UP,170.0,155.0,-15.0,150.0,60.0,Other,,Yes,alive,alive
Plot 72,P72-42,119,DEAD,,DEAD,,DEAD,DEAD,DEAD,DEAD,DEAD,"DEAD, TAG FOUND",119.0,,,,,Dead,DEAD,,alive,dead
Plot 72,P72-43,157,170,13.0,50,Yes,,TSO,129,Rhino,RRB,,157.0,170.0,13.0,129.0,50.0,Rhino,RRB,Yes,alive,alive
Plot 72,P72-44,221,211,-10.0,80,Yes,,TSO,210,Others,,"DISTANCE FROM 44 TO 46 IS 15.7M, BEARING IS 124",221.0,211.0,-10.0,210.0,80.0,Other,,Yes,alive,alive
Plot 72,P72-45,180,DEAD,,DEAD,,DEAD,DEAD,DEAD,DEAD,DEAD,"DEAD, TAG FOUND",180.0,,,,,Dead,DEAD,,alive,dead
Plot 72,P72-46,188,178,-10.0,60,Yes,,SBB,140,Elephant,RRB,,188.0,178.0,-10.0,140.0,60.0,Elephant,RRB,Yes,alive,alive
Plot 72,P72-47,105,39,-66.0,30,Yes,,MSB,39,Elephant,BBR,"TAG MISSING, RETAG",105.0,39.0,-66.0,39.0,30.0,Elephant,BBR,Yes,alive,missing
Plot 72,P72-48,147,139,-8.0,40,Yes,,SBB,96,Others,BBR,"DISTANCE FROM 48 TO 50 IS 14.4M, BEARING IS 184",147.0,139.0,-8.0,96.0,40.0,Other,BBR,Yes,alive,alive
Plot 72,P72-49,210,DEAD,,DEAD,,DEAD,DEAD,DEAD,DEAD,DEAD,"DEAD, TAG FOUND",210.0,,,,,Dead,DEAD,,alive,dead
Plot 72,P72-50,94,200,106.0,70,Yes,,SBB,155,Elephant,,DRYING UP,94.0,200.0,106.0,155.0,70.0,Elephant,,Yes,alive,alive
Plot 75,P75-01,563,53,-510.0,170,Yes,Old,MSB,53,Elephant,,Dead/Tag found,563.0,53.0,-510.0,53.0,170.0,Elephant,,Yes,alive,dead
Plot 75,P75-02,122,57,-65.0,60,Yes,Old,MSB,57,Elephant,,Tag dropped,122.0,57.0,-65.0,57.0,60.0,Elephant,,Yes,alive,alive
Plot 75,P75-03,198,,-198.0,,,,,,,,Dead/Tag found,198.0,,-198.0,,,,,,alive,dead
Plot 75,P75-04,179,195,16.0,50,Yes,Old,MSB,183,Elephant,BBR,Drying up,179.0,195.0,16.0,183.0,50.0,Elephant,BBR,Yes,alive,alive
Plot 75,P75-05,160,120,-40.0,50,Yes,Old,MSB,120,Elephant,,All red ants,160.0,120.0,-40.0,120.0,50.0,Elephant,,Yes,alive,alive
Plot 75,P75-06,318,360,42.0,90,Yes,Old,MSB,168,Elephant,RRB,,318.0,360.0,42.0,168.0,90.0,Elephant,RRB,Yes,alive,alive
Plot 75,P75-07,152,184,32.0,100,Yes,Old,SBB,15,Rhino,RRB,,152.0,184.0,32.0,15.0,100.0,Rhino,RRB,Yes,alive,alive
Plot 75,P75-08,121,,-121.0,,,,,,,,Dead/Tag missing,121.0,,-121.0,,,,,,alive,missing
Plot 75,P75-09,179,176,-3.0,60,Yes,Old,SBB,13,Elephant,RRB,,179.0,176.0,-3.0,13.0,60.0,Elephant,RRB,Yes,alive,alive
Plot 75,P75-10,148,139,-9.0,70,Yes,Old,MSB,80,Elephant,RRB,,148.0,139.0,-9.0,80.0,70.0,Elephant,RRB,Yes,alive,alive
Plot 75,P75-11,22,35,13.0,3,Yes,Old,MSB,14,Rhino,AB,,22.0,35.0,13.0,14.0,3.0,Rhino,AB,Yes,alive,alive
Plot 75,P75-12,166,141,-25.0,70,Yes,Old,MSB,14.1,Elephant,AB,,166.0,141.0,-25.0,14.1,70.0,Elephant,AB,Yes,alive,alive
Plot 75,P75-13,245,264,19.0,75,Yes,Old,SBB,17.5,Elephant,AB,,245.0,264.0,19.0,17.5,75.0,Elephant,AB,Yes,alive,alive
Plot 75,P75-14,270,223,-47.0,68,Yes,Old,SBB,24,Elephant,AB,,270.0,223.0,-47.0,24.0,68.0,Elephant,AB,Yes,alive,alive
Plot 75,P75-15,169,187,18.0,50,Yes,Old,SBB,16.7,Giraffe,AB,,169.0,187.0,18.0,16.7,50.0,Giraffe,AB,Yes,alive,alive
Plot 75,P75-16,136,110,-26.0,40,Yes,Old,MSB,86,Elephant,BBR,,136.0,110.0,-26.0,86.0,40.0,Elephant,BBR,Yes,alive,alive
Plot 75,P75-17,73,,-73.0,,,,,,,,Dead/Tag found,73.0,,-73.0,,,,,,alive,dead
Plot 75,P75-18,50,40,-10.0,20,Yes,Old,MSB,40,Rhino,RRB,,50.0,40.0,-10.0,40.0,20.0,Rhino,RRB,Yes,alive,alive
Plot 75,P75-19,50,30,-20.0,8,Yes,Old,SBB,30,Elephant,RRB,Dead/Tag found,50.0,30.0,-20.0,30.0,8.0,Elephant,RRB,Yes,alive,dead
Plot 75,P75-20,56,53,-3.0,,Yes,Old,MSB,53,Elephant,,,56.0,53.0,-3.0,53.0,,Elephant,,Yes,alive,alive
Plot 75,P75-21,344,242,-102.0,70,Yes,Old,MSB,20.6,Elephant,,,344.0,242.0,-102.0,20.6,70.0,Elephant,,Yes,alive,alive
Plot 75,P75-22,250,202,-48.0,65,Yes,Old,SBB,18.4,Elephant,,,250.0,202.0,-48.0,18.4,65.0,Elephant,,Yes,alive,alive
Plot 75,P75-23,130,112,-18.0,5,Yes,Old,MSB,112,Elephant,,,130.0,112.0,-18.0,112.0,5.0,Elephant,,Yes,alive,alive
Plot 75,P75-24,75,30,-45.0,55,Yes,Old,MSB,30,Elephant,,,75.0,30.0,-45.0,30.0,55.0,Elephant,,Yes,alive,alive
Plot 75,P75-25,20,28,8.0,3,Yes,Old,MSB,28,Rhino,,,20.0,28.0,8.0,28.0,3.0,Rhino,,Yes,alive,alive
Plot 75,P75-26,280,224,-56.0,90,Yes,Old,SBB,21.9,Elephant,RRB,Tag missing,280.0,224.0,-56.0,21.9,90.0,Elephant,RRB,Yes,alive,missing
Plot 75,P75-27,10,131,121.0,80,Yes,Old,MSB,92,Elephant,,Tag missing/Drying up,10.0,131.0,121.0,92.0,80.0,Elephant,,Yes,alive,missing
Plot 75,P75-28,167,174,7.0,55,Yes,Old,SBB,13.6,Elephant,RRB,Drying up,167.0,174.0,7.0,13.6,55.0,Elephant,RRB,Yes,alive,alive
Plot 75,P75-29,378,,-378.0,,,,,,,,Dead/Tag found,378.0,,-378.0,,,,,,alive,dead
Plot 75,P75-30,179,,-179.0,,,,,,,,Dead/Tag found,179.0,,-179.0,,,,,,alive,dead
Plot 75,P75-31,153,153,0.0,45,Yes,Old,MSB,122,Elephant,RRB,Drying up,153.0,153.0,0.0,122.0,45.0,Elephant,RRB,Yes,alive,alive
Plot 75,P75-32,48,,-48.0,,,,,,,,Dead/Tag missing,48.0,,-48.0,,,,,,alive,missing
Plot 75,P75-33,314,299,-15.0,70,Yes,Old,SBB,19.9,Elephant,,,314.0,299.0,-15.0,19.9,70.0,Elephant,,Yes,alive,alive
Plot 75,P75-34,210,221,11.0,75,Yes,Old,MSB,221,Elephant,,All red ants,210.0,221.0,11.0,221.0,75.0,Elephant,,Yes,alive,alive
Plot 75,P75-35,390,300,-90.0,90,Yes,Old,SBB,245,Elephant,RRB,,390.0,300.0,-90.0,245.0,90.0,Elephant,RRB,Yes,alive,alive
Plot 75,P75-36,11,,-11.0,,,,,,,,Missing,11.0,,-11.0,,,,,,alive,missing
Plot 75,P75-37,429,400,-29.0,70,Yes,Old,MSB,191,Elephant,RRB,,429.0,400.0,-29.0,191.0,70.0,Elephant,RRB,Yes,alive,alive
Plot 75,P75-38,21,12,-9.0,2,Yes,Old,MSB,12,Rhino,,Tag missing,21.0,12.0,-9.0,12.0,2.0,Rhino,,Yes,alive,missing
Plot 75,P75-39,247,224,-23.0,70,Yes,Old,SBB,22,Elephant,,Tag missing,247.0,224.0,-23.0,22.0,70.0,Elephant,,Yes,alive,missing
Plot 75,P75-40,200,39,-161.0,14,Yes,Old,MSB,39,Elephant,,Dead/Tag missing,200.0,39.0,-161.0,39.0,14.0,Elephant,,Yes,alive,missing
Plot 75,P75-41,17,41,24.0,2,Yes,Old,MSB,13,Rhino,,,17.0,41.0,24.0,13.0,2.0,Rhino,,Yes,alive,alive
Plot 75,P75-42,290,284,-6.0,95,Yes,Old,MSB,195,Elephant,RRB,,290.0,284.0,-6.0,195.0,95.0,Elephant,RRB,Yes,alive,alive
Plot 75,P75-43,30,24,-6.0,2,Yes,Old,MSB,24,Elephant,RRB,,30.0,24.0,-6.0,24.0,2.0,Elephant,RRB,Yes,alive,alive
Plot 75,P75-44,100,139,39.0,55,Yes,Old,MSB,131,Elephant,RRB,,100.0,139.0,39.0,131.0,55.0,Elephant,RRB,Yes,alive,alive
Plot 75,P75-45,135,150,15.0,60,Yes,Old,MSB,119,Elephant,AB,,135.0,150.0,15.0,119.0,60.0,Elephant,AB,Yes,alive,alive
Plot 75,P75-46,183,,-183.0,,,,,,,,Dead/Tag missing,183.0,,-183.0,,,,,,alive,missing
Plot 75,P75-47,182,200,18.0,60,Yes,Old,SBB,181,Elephant,AB,,182.0,200.0,18.0,181.0,60.0,Elephant,AB,Yes,alive,alive
Plot 75,P75-48,190,198,8.0,55,Yes,Old,SBB,174,Elephant,,,190.0,198.0,8.0,174.0,55.0,Elephant,,Yes,alive,alive
Plot 75,P75-49,220,214,-6.0,55,Yes,Old,SBB,162,Elephant,AB,,220.0,214.0,-6.0,162.0,55.0,Elephant,AB,Yes,alive,alive
Plot 75,P75-50,240,240,0.0,70,Yes,Old,MSB,162,Elephant,RRB,,240.0,240.0,0.0,162.0,70.0,Elephant,RRB,Yes,alive,alive
Plot 74,P74-1,512,450,-62.0,150,Yes,,SBB,221,Others,,DRYING UP,512.0,450.0,-62.0,221.0,150.0,Other,,Yes,alive,alive
Plot 74,P74-2,15,40,25.0,3,,,,,,,,15.0,40.0,25.0,,3.0,,,,alive,alive
Plot 74,P74-3,154,154,0.0,140,Yes,,MSB,154,Elephant,,DRYING UP,154.0,154.0,0.0,154.0,140.0,Elephant,,Yes,alive,alive
Plot 74,P74-4,16.5,22,5.5,5,Yes,,SBB,18,Others,,,16.5,22.0,5.5,18.0,5.0,Other,,Yes,alive,alive
Plot 74,P74-5,313,327,14.0,160,Yes,,SBB,242,Others,,,313.0,327.0,14.0,242.0,160.0,Other,,Yes,alive,alive
Plot 74,P74-6,13,40,27.0,5,Yes,,MSB,40,Others,,,13.0,40.0,27.0,40.0,5.0,Other,,Yes,alive,alive
Plot 74,P74-7,359,122,-237.0,70,Yes,,MSB,122,Elephant,,REGROWING,359.0,122.0,-237.0,122.0,70.0,Elephant,,Yes,alive,alive
Plot 74,P74-8,50,DEAD,,DEAD,,DEAD,DEAD,DEAD,DEAD,DEAD,"DEAD, TAG FOUND",50.0,,,,,Dead,DEAD,,alive,dead
Plot 74,P74-9,29.5,37,7.5,4,Yes,,SBB,35,Others,,,29.5,37.0,7.5,35.0,4.0,Other,,Yes,alive,alive
Plot 74,P74-10,25,40,15.0,10,Yes,,MSB,20,Others,,,25.0,40.0,15.0,20.0,10.0,Other,,Yes,alive,alive
Plot 74,P74-11,395,DEAD,,DEAD,,DEAD,DEAD,DEAD,DEAD,DEAD,"DEAD, TAG FOUND",395.0,,,,,Dead,DEAD,,alive,dead
Plot 74,P74-12,missing,45,,30,,,,,,,,,45.0,,,30.0,,,,missing,alive
Plot 74,P74-13,483,459,-24.0,200,Yes,,SBB,236,Others,,,483.0,459.0,-24.0,236.0,200.0,Other,,Yes,alive,alive
Plot 74,P74-14,305,340,35.0,120,Yes,,SBB,175,Elephants,,,305.0,340.0,35.0,175.0,120.0,Elephant,,Yes,alive,alive
Plot 74,P74-15,27,30,3.0,7,Yes,,MSB,21,Rhino,,"TAG MISSING, RETAG",27.0,30.0,3.0,21.0,7.0,Rhino,,Yes,alive,missing
Plot 74,P74-16,294,290,-4.0,100,Yes,,MSB,290,Elephants,,DRYING UP,294.0,290.0,-4.0,290.0,100.0,Elephant,,Yes,alive,alive
Plot 74,P74-17,11.5,46,34.5,2,,,,,,,,11.5,46.0,34.5,,2.0,,,,alive,alive
Plot 74,P74-18,357,DEAD,,DEAD,,DEAD,DEAD,DEAD,DEAD,DEAD,"DEAD, TAG FOUND",357.0,,,,,Dead,DEAD,,alive,dead
Plot 74,P74-19,13.5,22,8.5,10,,,,,,,,13.5,22.0,8.5,,10.0,,,,alive,alive
Plot 74,P74-20,503,DEAD,,DEAD,,DEAD,DEAD,DEAD,DEAD,DEAD,"DEAD, TAG FOUND",503.0,,,,,Dead,DEAD,,alive,dead
Plot 74,P74-21,21,15,-6.0,10,Yes,,,,,,,21.0,15.0,-6.0,,10.0,,,Yes,alive,alive
Plot 74,P74-22,471,314,-157.0,160,Yes,,MSB,314,Elephant,,,471.0,314.0,-157.0,314.0,160.0,Elephant,,Yes,alive,alive
Plot 74,P74-23,377,312,-65.0,130,Yes,,MSB,312,Elephant,,,377.0,312.0,-65.0,312.0,130.0,Elephant,,Yes,alive,alive
Plot 74,P74-24,15,22,7.0,2,Yes,,MSB,5,Rhino,,,15.0,22.0,7.0,5.0,2.0,Rhino,,Yes,alive,alive
Plot 74,P74-25,11.5,33,21.5,3,Yes,,SBB,6,Rhino,,,11.5,33.0,21.5,6.0,3.0,Rhino,,Yes,alive,alive
Plot 74,P74-26,393,345,-48.0,150,Yes,,SBB,344,Elephant,,"TAG MISSING, RETAG",393.0,345.0,-48.0,344.0,150.0,Elephant,,Yes,alive,missing
Plot 74,P74-27,15,30,15.0,4,Yes,,TSO,30,Rhino,,"TAG MISSING, RETAG",15.0,30.0,15.0,30.0,4.0,Rhino,,Yes,alive,missing
Plot 74,P74-28,30,45,15.0,5,,,,,,,"TAG MISSING, RETAG",30.0,45.0,15.0,,5.0,,,,alive,missing
Plot 74,P74-29,456,90,-366.0,150,Yes,,MSB,90,Elephant,,,456.0,90.0,-366.0,90.0,150.0,Elephant,,Yes,alive,alive
Plot 74,P74-30,308,300,-8.0,100,Yes,,MSB,157,Elephant,,,308.0,300.0,-8.0,157.0,100.0,Elephant,,Yes,alive,alive
Plot 74,P74-31,20,41,21.0,5,,,,,,,,20.0,41.0,21.0,,5.0,,,,alive,alive
Plot 74,P74-32,222,DEAD,,DEAD,,DEAD,DEAD,DEAD,DEAD,DEAD,"DEAD, TAG FOUND",222.0,,,,,Dead,DEAD,,alive,dead
Plot 74,P74-33,13,30,17.0,20,Yes,,,,,,,13.0,30.0,17.0,,20.0,,,Yes,alive,alive
Plot 74,P74-34,273,274,1.0,100,Yes,,SBB,203,Elephant,,"TAG MISSING, RETAG",273.0,274.0,1.0,203.0,100.0,Elephant,,Yes,alive,missing
Plot 74,P74-35,16,40,24.0,4,Yes,,SBB,32,Rhino,,,16.0,40.0,24.0,32.0,4.0,Rhino,,Yes,alive,alive
Plot 74,P74-36,22,40,18.0,3,,,,,,,,22.0,40.0,18.0,,3.0,,,,alive,alive
Plot 74,P74-37,338,188,-150.0,110,Yes,,MSB,188,Elephant,,"TAG MISSING , RETAG",338.0,188.0,-150.0,188.0,110.0,Elephant,,Yes,alive,missing
Plot 74,P74-38,150,65,-85.0,100,Yes,,MSB,65,Elephant,,,150.0,65.0,-85.0,65.0,100.0,Elephant,,Yes,alive,alive
Plot 74,P74-39,372,138,-234.0,15,Yes,,MSB,138,Elephant,,TAG MISSING RETAG,372.0,138.0,-234.0,138.0,15.0,Elephant,,Yes,alive,missing
Plot 74,P74-40,385,400,15.0,200,Yes,,MSB,215,Elephant,,,385.0,400.0,15.0,215.0,200.0,Elephant,,Yes,alive,alive
Plot 74,P74-41,365,385,20.0,130,Yes,,SBB,253,Others,,"TAG MISSING, RETAG",365.0,385.0,20.0,253.0,130.0,Other,,Yes,alive,missing
Plot 74,P74-42,13,22,9.0,10,,,MSB,8,Others,,,13.0,22.0,9.0,8.0,10.0,Other,,,alive,alive
Plot 74,P74-43,26,38,12.0,30,Yes,,,,,,,26.0,38.0,12.0,,30.0,,,Yes,alive,alive
Plot 74,P74-44,17,45,28.0,4,Yes,,MSB,3,Rhino,,,17.0,45.0,28.0,3.0,4.0,Rhino,,Yes,alive,alive
Plot 74,P74-45,30,44,14.0,5,Yes,,MSB,9,Others,,,30.0,44.0,14.0,9.0,5.0,Other,,Yes,alive,alive
Plot 74,P74-46,17,52,35.0,3,,,,,,,,17.0,52.0,35.0,,3.0,,,,alive,alive
Plot 74,P74-47,missing,DEAD,,DEAD,,DEAD,DEAD,DEAD,DEAD,DEAD,"DEAD, TAG MISSING",,,,,,Dead,DEAD,,missing,missing
Plot 74,P74-48,300,75,-225.0,100,Yes,,MSB,75,Elephant,,"TAG MISSING, RETAG",300.0,75.0,-225.0,75.0,100.0,Elephant,,Yes,alive,missing
Plot 74,P74-49,9,27,18.0,3,Yes,,MSB,3,Others,,,9.0,27.0,18.0,3.0,3.0,Other,,Yes,alive,alive
Plot 74,P74-50,507,520,13.0,250,Yes,,MSB,263,Elephant,,,507.0,520.0,13.0,263.0,250.0,Elephant,,Yes,alive,alive
Plot 76,P76-1,403,426,23.0,130,Yes,,SBB,135,Elephant,AB,,403.0,426.0,23.0,135.0,130.0,Elephant,AB,Yes,alive,alive
Plot 76,P76-2,305,300,-5.0,130,Yes,,SBB,232,Elephant,AB,,305.0,300.0,-5.0,232.0,130.0,Elephant,AB,Yes,alive,alive
Plot 76,P76-3,370,377,7.0,90,Yes,,SBB,256,Elephant,AB,,370.0,377.0,7.0,256.0,90.0,Elephant,AB,Yes,alive,alive
Plot 76,P76-4,13,23,10.0,4,Yes,,,,,,"TAG MISSING, RETAG",13.0,23.0,10.0,,4.0,,,Yes,alive,missing
Plot 76,P76-5,97,90,-7.0,40,Yes,,TSO,86,Rhino,RRB,,97.0,90.0,-7.0,86.0,40.0,Rhino,RRB,Yes,alive,alive
Plot 76,P76-6,53,20,-33.0,50,Yes,,MSB,16,Rhino,,,53.0,20.0,-33.0,16.0,50.0,Rhino,,Yes,alive,alive
Plot 76,P76-7,500,570,70.0,160,Yes,,SBB,223,Elephant,,,500.0,570.0,70.0,223.0,160.0,Elephant,,Yes,alive,alive
Plot 76,P76-8,270,162,-108.0,70,Yes,,MSB,162,Elephant,,,270.0,162.0,-108.0,162.0,70.0,Elephant,,Yes,alive,alive
Plot 76,P76-9,174,100,-74.0,60,Yes,,SBB,72,Others,RRB,,174.0,100.0,-74.0,72.0,60.0,Other,RRB,Yes,alive,alive
Plot 76,P76-10,305,340,35.0,70,Yes,,TSO,193,Elephant,,,305.0,340.0,35.0,193.0,70.0,Elephant,,Yes,alive,alive
Plot 76,P76-11,19,28,9.0,10,Yes,,MSB,10,Rhino,RRB,,19.0,28.0,9.0,10.0,10.0,Rhino,RRB,Yes,alive,alive
Plot 76,P76-12,289,143,-146.0,100,Yes,,MSB,50,Elephant,RRB,"TAG DAMAGED, RETAG",289.0,143.0,-146.0,50.0,100.0,Elephant,RRB,Yes,alive,alive
Plot 76,P76-13,394,400,6.0,100,Yes,,SBB,174,Elephant,AB,,394.0,400.0,6.0,174.0,100.0,Elephant,AB,Yes,alive,alive
Plot 76,P76-14,23,39,16.0,3,Yes,,TSO,14,Rhino,,,23.0,39.0,16.0,14.0,3.0,Rhino,,Yes,alive,alive
Plot 76,P76-15,178,173,-5.0,70,Yes,,MSB,173,Elephant,,,178.0,173.0,-5.0,173.0,70.0,Elephant,,Yes,alive,alive
Plot 76,P76-16,14,MISSING,,MISSING,,MISSING,MISSING,MISSING,MISSING,MISSING,MISSING,14.0,,,,,Missing,MISSING,,alive,missing
Plot 76,P76-17,356,390,34.0,100,Yes,,MSB,220,Elephant,AB,,356.0,390.0,34.0,220.0,100.0,Elephant,AB,Yes,alive,alive
Plot 76,P76-18,335,269,-66.0,80,Yes,,MSB,269,Elephant,AB,,335.0,269.0,-66.0,269.0,80.0,Elephant,AB,Yes,alive,alive
Plot 76,P76-19,22,31,9.0,10,Yes,,TSO,16,Rhino,,,22.0,31.0,9.0,16.0,10.0,Rhino,,Yes,alive,alive
Plot 76,P76-20,390,394,4.0,130,Yes,,SBB,178,Elephant,RRB,,390.0,394.0,4.0,178.0,130.0,Elephant,RRB,Yes,alive,alive
Plot 76,P76-21,77,54,-23.0,30,Yes,,MSB,30,Rhino,,,77.0,54.0,-23.0,30.0,30.0,Rhino,,Yes,alive,alive
Plot 76,P76-22,194,244,50.0,70,Yes,,TSO,117,Elephant,AB,,194.0,244.0,50.0,117.0,70.0,Elephant,AB,Yes,alive,alive
Plot 76,P76-23,154,50,-104.0,50,Yes,,MSB,50,Elephant,RRB,,154.0,50.0,-104.0,50.0,50.0,Elephant,RRB,Yes,alive,alive
Plot 76,P76-24,148,DEAD,,DEAD,,DEAD,DEAD,DEAD,DEAD,DEAD,"DEAD, TAG FOUND",148.0,,,,,Dead,DEAD,,alive,dead
Plot 76,P76-25,54,31,-23.0,8,Yes,,TSO,11,Rhino,,,54.0,31.0,-23.0,11.0,8.0,Rhino,,Yes,alive,alive
Plot 76,P76-26,14,23,9.0,4,Yes,,TSO,14,Rhino,,"TAG MISSING, RETAG",14.0,23.0,9.0,14.0,4.0,Rhino,,Yes,alive,missing
Plot 76,P76-27,194,MISSING,,MISSING,,MISSING,MISSING,MISSING,MISSING,MISSING,THE AREA WAS EXCAVATED,194.0,,,,,Missing,MISSING,,alive,missing
Plot 76,P76-28,493,MISSING,,MISSING,,MISSING,MISSING,MISSING,MISSING,MISSING,THE AREA WAS EXCAVATED,493.0,,,,,Missing,MISSING,,alive,missing
Plot 76,P76-29,210,MISSING,,MISSING,,MISSING,MISSING,MISSING,MISSING,MISSING,THE AREA WAS EXCAVATED,210.0,,,,,Missing,MISSING,,alive,missing
Plot 76,P76-30,502,MISSING,,MISSING,,MISSING,MISSING,MISSING,MISSING,MISSING,THE AREA WAS EXCAVATED,502.0,,,,,Missing,MISSING,,alive,missing
Plot 76,P76-31,304,283,-21.0,100,Yes,,MSB,283,Others,AB,,304.0,283.0,-21.0,283.0,100.0,Other,AB,Yes,alive,alive
Plot 76,P76-32,38,39,1.0,6,Yes,,SBB,21,Rhino,,,38.0,39.0,1.0,21.0,6.0,Rhino,,Yes,alive,alive
Plot 76,P76-33,157,120,-37.0,50,Yes,,MSB,50,Others,,,157.0,120.0,-37.0,50.0,50.0,Other,,Yes,alive,alive
Plot 76,P76-34,207,246,39.0,90,Yes,,SBB,177,Elephant,,,207.0,246.0,39.0,177.0,90.0,Elephant,,Yes,alive,alive
Plot 76,P76-35,480,DEAD,,DEAD,,DEAD,DEAD,DEAD,DEAD,DEAD,DEAD,480.0,,,,,Dead,DEAD,,alive,dead
Plot 76,P76-36,286,DEAD,,DEAD,,DEAD,DEAD,DEAD,DEAD,DEAD,DEAD,286.0,,,,,Dead,DEAD,,alive,dead
Plot 76,P76-37,448,466,18.0,130,Yes,,TSO,200,Elephant,AB,,448.0,466.0,18.0,200.0,130.0,Elephant,AB,Yes,alive,alive
Plot 76,P76-38,253,254,1.0,80,Yes,,SBB,167,Elephant,,,253.0,254.0,1.0,167.0,80.0,Elephant,,Yes,alive,alive
Plot 76,P76-39,273,300,27.0,90,Yes,,SBB,165,Elephant,,,273.0,300.0,27.0,165.0,90.0,Elephant,,Yes,alive,alive
Plot 76,P76-40,340,DEAD,,DEAD,,DEAD,DEAD,DEAD,DEAD,DEAD,"DEAD, TAG FOUND",340.0,,,,,Dead,DEAD,,alive,dead
Plot 76,P76-41,22,40,18.0,6,Yes,,,,,,,22.0,40.0,18.0,,6.0,,,Yes,alive,alive
Plot 76,P76-42,404,384,-20.0,130,Yes,,SBB,152,Elephant,AB,,404.0,384.0,-20.0,152.0,130.0,Elephant,AB,Yes,alive,alive
Plot 76,P76-43,271,233,-38.0,130,Yes,,SBB,152,Others,RRB,,271.0,233.0,-38.0,152.0,130.0,Other,RRB,Yes,alive,alive
Plot 76,P76-44,494,550,56.0,180,Yes,,SBB,254,Others,AB,,494.0,550.0,56.0,254.0,180.0,Other,AB,Yes,alive,alive
Plot 76,P76-45,202,DEAD,,DEAD,,DEAD,DEAD,DEAD,DEAD,DEAD,DEAD,202.0,,,,,Dead,DEAD,,alive,dead
Plot 76,P76-46,17,11,-6.0,3,Yes,,MSB,6,Rhino,,,17.0,11.0,-6.0,6.0,3.0,Rhino,,Yes,alive,alive
Plot 76,P76-47,105,DEAD,,DEAD,,DEAD,DEAD,DEAD,DEAD,DEAD,"DEAD, TAG MISSING",105.0,,,,,Dead,DEAD,,alive,missing
Plot 76,P76-48,85,MISSING,,MISSING,,MISSING,MISSING,MISSING,MISSING,MISSING,"MISSING, NO  TAG",85.0,,,,,Missing,MISSING,,alive,missing
Plot 76,P76-49,321,340,19.0,100,Yes,,TSO,340,Giraffe,RRB,,321.0,340.0,19.0,340.0,100.0,Giraffe,RRB,Yes,alive,alive
Plot 76,P76-50,557,DEAD,,DEAD,,DEAD,DEAD,DEAD,DEAD,DEAD,"DEAD, TAG FOUND.",557.0,,,,,Dead,DEAD,,alive,dead
Plot 77,P77-1,265,223,-42.0,63,Yes,,SBB,223,Elephant,,,265.0,223.0,-42.0,223.0,63.0,Elephant,,Yes,alive,alive
Plot 77,P77-2,93,102,9.0,4,Yes,,MSB,4,Elephant,,,93.0,102.0,9.0,4.0,4.0,Elephant,,Yes,alive,alive
Plot 77,P77-3,255,246,-9.0,11,Yes,,SBB,113,Elephant,,,255.0,246.0,-9.0,113.0,11.0,Elephant,,Yes,alive,alive
Plot 77,P77-4,14,26,12.0,8,Yes,,MSB,8,Rhino,,,14.0,26.0,12.0,8.0,8.0,Rhino,,Yes,alive,alive
Plot 77,P77-5,16,26,10.0,15,Yes,,MSB,15,Rhino,,,16.0,26.0,10.0,15.0,15.0,Rhino,,Yes,alive,alive
Plot 77,P77-6,16,57,41.0,10,Yes,,MSB,10,Rhino,,,16.0,57.0,41.0,10.0,10.0,Rhino,,Yes,alive,alive
Plot 77,P77-7,150,170,20.0,50,Yes,,SBB,95,Rhino,AB,,150.0,170.0,20.0,95.0,50.0,Rhino,AB,Yes,alive,alive
Plot 77,P77-8,154,162,8.0,30,Yes,,SBB,104,Others,AB,,154.0,162.0,8.0,104.0,30.0,Other,AB,Yes,alive,alive
Plot 77,P77-9,47,45,-2.0,40,Yes,,MSB,45,Elephant,,REGROWING,47.0,45.0,-2.0,45.0,40.0,Elephant,,Yes,alive,alive
Plot 77,P77-10,250,222,-28.0,80,Yes,,SBB,222,Elephant,,,250.0,222.0,-28.0,222.0,80.0,Elephant,,Yes,alive,alive
Plot 77,P77-11,190,156,-34.0,60,Yes,,SBB,49,Rhino,,,190.0,156.0,-34.0,49.0,60.0,Rhino,,Yes,alive,alive
Plot 77,P77-12,180,180,0.0,50,Yes,,SBB,122,Others,,,180.0,180.0,0.0,122.0,50.0,Other,,Yes,alive,alive
Plot 77,P77-13,26,38,12.0,5,Yes,,SBB,18,Rhino,,"TAG MISSING, RETAG",26.0,38.0,12.0,18.0,5.0,Rhino,,Yes,alive,missing
Plot 77,P77-14,67,66,-1.0,50,Yes,,MSB,66,Elephant,BBR,,67.0,66.0,-1.0,66.0,50.0,Elephant,BBR,Yes,alive,alive
Plot 77,P77-15,180,184,4.0,50,Yes,,SBB,98,Others,BBR,,180.0,184.0,4.0,98.0,50.0,Other,BBR,Yes,alive,alive
Plot 77,P77-16,289,270,-19.0,50,Yes,,SBB,130,Elephant,AB,"DISTANCE FROM 16 TO 18 IS 14.3, BEARING IS 216",289.0,270.0,-19.0,130.0,50.0,Elephant,AB,Yes,alive,alive
Plot 77,P77-17,29,DEAD,,DEAD,,DEAD,DEAD,DEAD,DEAD,DEAD,"DEAD, TAG FOUND",29.0,,,,,Dead,DEAD,,alive,dead
Plot 77,P77-18,275,238,-37.0,70,Yes,,SBB,143,Elephant,BBR,"DISTANCE FROM 18 TO 20 S 5M, BEARING IS 210",275.0,238.0,-37.0,143.0,70.0,Elephant,BBR,Yes,alive,alive
Plot 77,P77-19,128,DEAD,,DEAD,,DEAD,DEAD,DEAD,DEAD,DEAD,"DEAD, TAG FOUND",128.0,,,,,Dead,DEAD,,alive,dead
Plot 77,P77-20,110,134,24.0,40,Yes,,TSO,117,Rhino,,,110.0,134.0,24.0,117.0,40.0,Rhino,,Yes,alive,alive
Plot 77,P77-21,16,40,24.0,6,Yes,,MSB,18,Rhino,,,16.0,40.0,24.0,18.0,6.0,Rhino,,Yes,alive,alive
Plot 77,P77-22,155,149,-6.0,40,Yes,,MSB,130,Elephant,,,155.0,149.0,-6.0,130.0,40.0,Elephant,,Yes,alive,alive
Plot 77,P77-23,30,33,3.0,9,Yes,,MSB,6,Rhino,,,30.0,33.0,3.0,6.0,9.0,Rhino,,Yes,alive,alive
Plot 77,P77-24,109,150,41.0,30,Yes,,MSB,138,Rhino,RRB,,109.0,150.0,41.0,138.0,30.0,Rhino,RRB,Yes,alive,alive
Plot 77,P77-25,19,50,31.0,4,Yes,,MSB,5,Rhino,,,19.0,50.0,31.0,5.0,4.0,Rhino,,Yes,alive,alive
Plot 77,P77-26,30,54,24.0,8,Yes,,SBB,27,Rhino,,,30.0,54.0,24.0,27.0,8.0,Rhino,,Yes,alive,alive
Plot 77,P77-27,152,155,3.0,30,Yes,,SBB,83,Rhino,,,152.0,155.0,3.0,83.0,30.0,Rhino,,Yes,alive,alive
Plot 77,P77-28,278,240,-38.0,70,Yes,,MSB,235,Others,,DRYING UP,278.0,240.0,-38.0,235.0,70.0,Other,,Yes,alive,alive
Plot 77,P77-29,17,20,3.0,10,Yes,,SBB,14,Others,,,17.0,20.0,3.0,14.0,10.0,Other,,Yes,alive,alive
Plot 77,P77-30,92,DEAD,,DEAD,,DEAD,DEAD,DEAD,DEAD,DEAD,DEAD,92.0,,,,,Dead,DEAD,,alive,dead
Plot 77,P77-31,77,82,5.0,50,Yes,,MSB,72,Elephant,,,77.0,82.0,5.0,72.0,50.0,Elephant,,Yes,alive,alive
Plot 77,P77-32,24,39,15.0,10,Yes,,MSB,8,Rhino,,,24.0,39.0,15.0,8.0,10.0,Rhino,,Yes,alive,alive
Plot 77,P77-33,168,193,25.0,70,Yes,,SBB,91,Others,AB,,168.0,193.0,25.0,91.0,70.0,Other,AB,Yes,alive,alive
Plot 77,P77-34,196,196,0.0,50,Yes,,SBB,178,Giraffe,AB,,196.0,196.0,0.0,178.0,50.0,Giraffe,AB,Yes,alive,alive
Plot 77,P77-35,15,38,23.0,4,Yes,,MSB,16,Rhino,,,15.0,38.0,23.0,16.0,4.0,Rhino,,Yes,alive,alive
Plot 77,P77-36,167,175,8.0,40,Yes,,SBB,122,Rhino,,,167.0,175.0,8.0,122.0,40.0,Rhino,,Yes,alive,alive
Plot 77,P77-37,145,145,0.0,30,Yes,,SBB,92,Rhino,RRB,,145.0,145.0,0.0,92.0,30.0,Rhino,RRB,Yes,alive,alive
Plot 77,P77-38,122,141,19.0,40,Yes,,SBB,104,Others,RRB,,122.0,141.0,19.0,104.0,40.0,Other,RRB,Yes,alive,alive
Plot 77,P77-39,158,188,30.0,50,Yes,,MSB,186,Rhino,,,158.0,188.0,30.0,186.0,50.0,Rhino,,Yes,alive,alive
Plot 77,P77-40,177,225,48.0,60,Yes,,SBB,150,Rhino,,,177.0,225.0,48.0,150.0,60.0,Rhino,,Yes,alive,alive
Plot 77,P77-41,81,15,-66.0,30,Yes,,MSB,15,Elephant,,"DISTANCE FROM 41 TO 43 IS 9.3M, BEARING IS 103",81.0,15.0,-66.0,15.0,30.0,Elephant,,Yes,alive,alive
Plot 77,P77-42,116,DEAD,,DEAD,,DEAD,DEAD,DEAD,DEAD,DEAD,DEAD,116.0,,,,,Dead,DEAD,,alive,dead
Plot 77,P77-43,63,67,4.0,40,Yes,,MSB,67,Elephant,BBR,,63.0,67.0,4.0,67.0,40.0,Elephant,BBR,Yes,alive,alive
Plot 77,P77-44,117,138,21.0,30,Yes,,MSB,111,Rhino,BBR,,117.0,138.0,21.0,111.0,30.0,Rhino,BBR,Yes,alive,alive
Plot 77,P77-45,129,136,7.0,35,Yes,,MSB,130,Giraffe,,,129.0,136.0,7.0,130.0,35.0,Giraffe,,Yes,alive,alive
Plot 77,P77-46,144,154,10.0,30,Yes,,MSB,113,Others,BBR,,144.0,154.0,10.0,113.0,30.0,Other,BBR,Yes,alive,alive
Plot 77,P77-47,111,132,21.0,37,Yes,,MSB,132,Rhino,,DRYING UP,111.0,132.0,21.0,132.0,37.0,Rhino,,Yes,alive,alive
Plot 77,P77-48,226,237,11.0,60,Yes,,SBB,190,Elephant,RRB,,226.0,237.0,11.0,190.0,60.0,Elephant,RRB,Yes,alive,alive
Plot 77,P77-49,157,158,1.0,95,Yes,,MSB,158,Elephant,,REGROWING,157.0,158.0,1.0,158.0,95.0,Elephant,,Yes,alive,alive
Plot 77,P77-50,120,61,-59.0,90,Yes,,MSB,61,Elephant,,,120.0,61.0,-59.0,61.0,90.0,Elephant,,Yes,alive,alive
Plot 81,P81-1,327,MISSING,,MISSING,,MISSING,MISSING,MISSING,MISSING,MISSING,MISSING,327.0,,,,,Missing,MISSING,,alive,missing
Plot 81,P81-2,221,MISSING,,MISSING,,MISSING,MISSING,MISSING,MISSING,MISSING,MISSING,221.0,,,,,Missing,MISSING,,alive,missing
Plot 81,P81-3,8,MISSING,,MISSING,,MISSING,MISSING,MISSING,MISSING,MISSING,MISSING,8.0,,,,,Missing,MISSING,,alive,missing
Plot 81,P81-4,192,184,-8.0,50,Yes,,MSB,184,Elephant,,DRYING UP,192.0,184.0,-8.0,184.0,50.0,Elephant,,Yes,alive,alive
Plot 81,P81-5,129,130,1.0,40,Yes,,SBB,130,Rhino,BBR,,129.0,130.0,1.0,130.0,40.0,Rhino,BBR,Yes,alive,alive
Plot 81,P81-6,173,160,-13.0,60,Yes,,SBB,115,Elephant,,DRYING UP,173.0,160.0,-13.0,115.0,60.0,Elephant,,Yes,alive,alive
Plot 81,P81-7,158,133,-25.0,50,Yes,,SBB,108,Elephant,BBR,,158.0,133.0,-25.0,108.0,50.0,Elephant,BBR,Yes,alive,alive
Plot 81,P81-8,169,152,-17.0,45,Yes,,SBB,112,Rhino,BBR,,169.0,152.0,-17.0,112.0,45.0,Rhino,BBR,Yes,alive,alive
Plot 81,P81-9,142,153,11.0,80,Yes,,SBB,63,Rhino,BBR,,142.0,153.0,11.0,63.0,80.0,Rhino,BBR,Yes,alive,alive
Plot 81,P81-10,179,162,-17.0,50,Yes,,SBB,118,Rhino,BBR,,179.0,162.0,-17.0,118.0,50.0,Rhino,BBR,Yes,alive,alive
Plot 81,P81-11,129,138,9.0,70,Yes,,SBB,105,Others,BBR,,129.0,138.0,9.0,105.0,70.0,Other,BBR,Yes,alive,alive
Plot 81,P81-12,180,DEAD,,DEAD,,DEAD,DEAD,DEAD,DEAD,DEAD,"DEAD, TAG FOUND",180.0,,,,,Dead,DEAD,,alive,dead
Plot 81,P81-13,160,167,7.0,70,Yes,,SBB,150,Others,,DRYING UP,160.0,167.0,7.0,150.0,70.0,Other,,Yes,alive,alive
Plot 81,P81-14,12,21,9.0,30,Yes,,MSB,10,Rhino,,,12.0,21.0,9.0,10.0,30.0,Rhino,,Yes,alive,alive
Plot 81,P81-15,211,221,10.0,70,Yes,,SBB,133,Rhino,,,211.0,221.0,10.0,133.0,70.0,Rhino,,Yes,alive,alive
Plot 81,P81-16,186,188,2.0,70,Yes,,SBB,138,Others,,"TAG MISSING, RETAG",186.0,188.0,2.0,138.0,70.0,Other,,Yes,alive,missing
Plot 81,P81-17,192,196,4.0,80,Yes,,SBB,166,Others,,,192.0,196.0,4.0,166.0,80.0,Other,,Yes,alive,alive
Plot 81,P81-18,27,42,15.0,40,Yes,,,,,,,27.0,42.0,15.0,,40.0,,,Yes,alive,alive
Plot 81,P81-19,178,179,1.0,70,Yes,,SBB,140,Others,RRB,,178.0,179.0,1.0,140.0,70.0,Other,RRB,Yes,alive,alive
Plot 81,P81-20,216,223,7.0,80,Yes,,SBB,130,Others,BBR,,216.0,223.0,7.0,130.0,80.0,Other,BBR,Yes,alive,alive
Plot 81,P81-21,100,72,-28.0,60,Yes,,MSB,72,Elephants,RRB,,100.0,72.0,-28.0,72.0,60.0,Elephant,RRB,Yes,alive,alive
Plot 81,P81-22,156,58,-98.0,70,Yes,,MSB,58,Elephants,RRB,"TAG MISSING, RETAG",156.0,58.0,-98.0,58.0,70.0,Elephant,RRB,Yes,alive,missing
Plot 81,P81-23,190,DEAD,,DEAD,Yes,DEAD,DEAD,DEAD,DEAD,DEAD,"DEAD, TAG FOUND",190.0,,,,,Dead,DEAD,Yes,alive,dead
Plot 81,P81-24,249,82,-167.0,80,Yes,,MSB,82,Elephant,RRB,"TAG MISSING, RETAG",249.0,82.0,-167.0,82.0,80.0,Elephant,RRB,Yes,alive,missing
Plot 81,P81-25,179,DEAD,,DEAD,Yes,DEAD,DEAD,DEAD,DEAD,DEAD,"DEAD, TAG FOUND",179.0,,,,,Dead,DEAD,Yes,alive,dead
Plot 81,P81-26,20,40,20.0,20,Yes,,,,,,"TAG MISSING, RETAG",20.0,40.0,20.0,,20.0,,,Yes,alive,missing
Plot 81,P81-27,114,DEAD,,DEAD,Yes,DEAD,DEAD,DEAD,DEAD,DEAD,"DEAD, TAG FOUND",114.0,,,,,Dead,DEAD,Yes,alive,dead
Plot 81,P81-28,103,104,1.0,50,Yes,,TSO,104,Rhino,,,103.0,104.0,1.0,104.0,50.0,Rhino,,Yes,alive,alive
Plot 81,P81-29,210,190,-20.0,70,Yes,,SBB,186,Others,,,210.0,190.0,-20.0,186.0,70.0,Other,,Yes,alive,alive
Plot 81,P81-30,257,260,3.0,100,Yes,,SBB,182,Others,RRB,,257.0,260.0,3.0,182.0,100.0,Other,RRB,Yes,alive,alive
Plot 81,P81-31,26,47,21.0,20,Yes,,SBB,28,Rhino,,,26.0,47.0,21.0,28.0,20.0,Rhino,,Yes,alive,alive
Plot 81,P81-32,23,40,17.0,20,Yes,,,,,,,23.0,40.0,17.0,,20.0,,,Yes,alive,alive
Plot 81,P81-33,149,DEAD,,DEAD,,DEAD,DEAD,DEAD,DEAD,DEAD,DEAD,149.0,,,,,Dead,DEAD,,alive,dead
Plot 81,P81-34,155,DEAD,,DEAD,,DEAD,DEAD,DEAD,DEAD,DEAD,DEAD,155.0,,,,,Dead,DEAD,,alive,dead
Plot 81,P81-35,160,145,-15.0,50,Yes,,TSO,145,Others,,DRYING UP,160.0,145.0,-15.0,145.0,50.0,Other,,Yes,alive,alive
Plot 81,P81-36,197,197,0.0,70,Yes,,SBB,105,Others,BBR,,197.0,197.0,0.0,105.0,70.0,Other,BBR,Yes,alive,alive
Plot 81,P81-37,192,197,5.0,60,Yes,,SBB,119,Others,BBR,,192.0,197.0,5.0,119.0,60.0,Other,BBR,Yes,alive,alive
Plot 81,P81-38,169,DEAD,,DEAD,,DEAD,DEAD,DEAD,DEAD,DEAD,"DEAD, TAG FOUND",169.0,,,,,Dead,DEAD,,alive,dead
Plot 81,P81-39,172,70,-102.0,70,Yes,,MSB,70,Elephant,BBR,,172.0,70.0,-102.0,70.0,70.0,Elephant,BBR,Yes,alive,alive
Plot 81,P81-40,210,210,0.0,90,Yes,,SBB,166,Others,,,210.0,210.0,0.0,166.0,90.0,Other,,Yes,alive,alive
Plot 81,P81-41,219,117,-102.0,80,Yes,,MSB,117,Elephant,,,219.0,117.0,-102.0,117.0,80.0,Elephant,,Yes,alive,alive
Plot 81,P81-42,228,DEAD,,DEAD,,DEAD,DEAD,DEAD,DEAD,DEAD,"DEAD, TAG FOUND",228.0,,,,,Dead,DEAD,,alive,dead
Plot 81,P81-43,129,MISSING,,MISSING,,MISSING,MISSING,MISSING,MISSING,MISSING,MISSING,129.0,,,,,Missing,MISSING,,alive,missing
Plot 81,P81-44,104,90,-14.0,60,Yes,,MSB,90,Elephant,,,104.0,90.0,-14.0,90.0,60.0,Elephant,,Yes,alive,alive
Plot 81,P81-45,207,196,-11.0,90,Yes,,MSB,196,Elephant,RRB,,207.0,196.0,-11.0,196.0,90.0,Elephant,RRB,Yes,alive,alive
Plot 81,P81-46,221,DEAD,,DEAD,,DEAD,DEAD,DEAD,DEAD,DEAD,"DEAD, TAG FOUND",221.0,,,,,Dead,DEAD,,alive,dead
Plot 81,P81-47,176,192,16.0,50,Yes,,SBB,95,Others,,"TAG MISSING, RETAG",176.0,192.0,16.0,95.0,50.0,Other,,Yes,alive,missing
Plot 81,P81-48,211,MISSING,,MISSING,,MISSING,MISSING,MISSING,MISSING,MISSING,MISSING,211.0,,,,,Missing,MISSING,,alive,missing
Plot 81,P81-49,177,140,-37.0,60,Yes,,MSB,140,Elephant,BBR,,177.0,140.0,-37.0,140.0,60.0,Elephant,BBR,Yes,alive,alive
Plot 81,P81-50,225,226,1.0,50,Yes,,SBB,236,Others,,,225.0,226.0,1.0,236.0,50.0,Other,,Yes,alive,alive
Plot 82,P82-1,400,110,-290.0,140,Yes,,MSB,110,Elephant,,,400.0,110.0,-290.0,110.0,140.0,Elephant,,Yes,alive,alive
Plot 82,P82-2,208,190,-18.0,90,Yes,,SBB,130,Others,,,208.0,190.0,-18.0,130.0,90.0,Other,,Yes,alive,alive
Plot 82,P82-3,181,167,-14.0,60,Yes,,MSB,167,Elephant,,,181.0,167.0,-14.0,167.0,60.0,Elephant,,Yes,alive,alive
Plot 82,P82-4,51,DEAD,,DEAD,,DEAD,DEAD,DEAD,DEAD,DEAD,,51.0,,,,,Dead,DEAD,,alive,dead
Plot 82,P82-5,61,DEAD,,DEAD,,DEAD,DEAD,DEAD,DEAD,DEAD,,61.0,,,,,Dead,DEAD,,alive,dead
Plot 82,P82-6,228,DEAD,,DEAD,,DEAD,DEAD,DEAD,DEAD,DEAD,,228.0,,,,,Dead,DEAD,,alive,dead
Plot 82,P82-7,35,35,0.0,10,Yes,,TSO,23,Rhino,,"TAG MISSING, RETAG",35.0,35.0,0.0,23.0,10.0,Rhino,,Yes,alive,missing
Plot 82,P82-8,29,64,35.0,30,Yes,,,,,,,29.0,64.0,35.0,,30.0,,,Yes,alive,alive
Plot 82,P82-9,223,DEAD,,DEAD,,DEAD,DEAD,DEAD,DEAD,DEAD,"DEAD, TAG MISSING",223.0,,,,,Dead,DEAD,,alive,missing
Plot 82,P82-10,215,219,4.0,120,Yes,,MSB,174,Elephant,RRB,,215.0,219.0,4.0,174.0,120.0,Elephant,RRB,Yes,alive,alive
Plot 82,P82-11,87,72,-15.0,100,Yes,,MSB,72,Rhino,,,87.0,72.0,-15.0,72.0,100.0,Rhino,,Yes,alive,alive
Plot 82,P82-12,272,290,18.0,130,Yes,,SBB,190,Others,,,272.0,290.0,18.0,190.0,130.0,Other,,Yes,alive,alive
Plot 82,P82-13,304,280,-24.0,120,Yes,,MSB,240,Elephant,,,304.0,280.0,-24.0,240.0,120.0,Elephant,,Yes,alive,alive
Plot 82,P82-14,60,60,0.0,70,Yes,,MSB,60,Elephant,,,60.0,60.0,0.0,60.0,70.0,Elephant,,Yes,alive,alive
Plot 82,P82-15,17,40,23.0,40,Yes,,,,,,"TAG MISSING, RETAG",17.0,40.0,23.0,,40.0,,,Yes,alive,missing
Plot 82,P82-16,134,160,26.0,90,Yes,,SBB,90,Others,BBR,,134.0,160.0,26.0,90.0,90.0,Other,BBR,Yes,alive,alive
Plot 82,P82-17,95,90,-5.0,30,Yes,,SBB,65,Others,,,95.0,90.0,-5.0,65.0,30.0,Other,,Yes,alive,alive
Plot 82,P82-18,156,DEAD,,DEAD,,DEAD,DEAD,DEAD,DEAD,DEAD,"DEAD, TAG MISSING",156.0,,,,,Dead,DEAD,,alive,missing
Plot 82,P82-19,24,30,6.0,40,,,MSB,8,Rhino,,,24.0,30.0,6.0,8.0,40.0,Rhino,,,alive,alive
Plot 82,P82-20,232,DEAD,,DEAD,,DEAD,DEAD,DEAD,DEAD,DEAD,"DEAD, TAG FOUND",232.0,,,,,Dead,DEAD,,alive,dead
Plot 82,P82-21,70,83,13.0,50,Yes,,MSB,50,Elephant,,,70.0,83.0,13.0,50.0,50.0,Elephant,,Yes,alive,alive
Plot 82,P82-22,117,130,13.0,70,Yes,,MSB,90,Others,BBR,,117.0,130.0,13.0,90.0,70.0,Other,BBR,Yes,alive,alive
Plot 82,P82-23,99,93,-6.0,50,Yes,,MSB,90,Rhino,,,99.0,93.0,-6.0,90.0,50.0,Rhino,,Yes,alive,alive
Plot 82,P82-24,80,51,-29.0,50,Yes,,MSB,51,Rhino,,DRYING UP,80.0,51.0,-29.0,51.0,50.0,Rhino,,Yes,alive,alive
Plot 82,P82-25,341,347,6.0,150,Yes,,SBB,188,Elephant,,,341.0,347.0,6.0,188.0,150.0,Elephant,,Yes,alive,alive
Plot 82,P82-26,301,273,-28.0,70,Yes,,SBB,210,Elephant,RRB,,301.0,273.0,-28.0,210.0,70.0,Elephant,RRB,Yes,alive,alive
Plot 82,P82-27,103,94,-9.0,50,Yes,,SBB,76,Rhino,,,103.0,94.0,-9.0,76.0,50.0,Rhino,,Yes,alive,alive
Plot 82,P82-28,241,245,4.0,100,Yes,,SBB,113,Others,,,241.0,245.0,4.0,113.0,100.0,Other,,Yes,alive,alive
Plot 82,P82-29,211,280,69.0,80,Yes,,MSB,280,Elephant,,,211.0,280.0,69.0,280.0,80.0,Elephant,,Yes,alive,alive
Plot 82,P82-30,20,38,18.0,20,Yes,,TSO,38,Rhino,,,20.0,38.0,18.0,38.0,20.0,Rhino,,Yes,alive,alive
Plot 82,P82-31,416,259,-157.0,150,Yes,,MSB,248,Elephant,,,416.0,259.0,-157.0,248.0,150.0,Elephant,,Yes,alive,alive
Plot 82,P82-32,255,DEAD,,DEAD,,DEAD,DEAD,DEAD,DEAD,DEAD,DEAD,255.0,,,,,Dead,DEAD,,alive,dead
Plot 82,P82-33,238,244,6.0,130,Yes,,SBB,133,Elephant,,,238.0,244.0,6.0,133.0,130.0,Elephant,,Yes,alive,alive
Plot 82,P82-34,300,300,0.0,160,Yes,,MSB,192,Others,RRB,,300.0,300.0,0.0,192.0,160.0,Other,RRB,Yes,alive,alive
Plot 82,P82-35,143,143,0.0,130,Yes,,MSB,143,Elephant,,DRYING UP,143.0,143.0,0.0,143.0,130.0,Elephant,,Yes,alive,alive
Plot 82,P82-36,306,345,39.0,100,Yes,,SBB,200,Elephant,,,306.0,345.0,39.0,200.0,100.0,Elephant,,Yes,alive,alive
Plot 82,P82-37,330,363,33.0,100,Yes,,TSO,285,Others,,,330.0,363.0,33.0,285.0,100.0,Other,,Yes,alive,alive
Plot 82,P82-38,202,DEAD,,DEAD,,DEAD,DEAD,DEAD,DEAD,DEAD,"DEAD, TAG FOUND",202.0,,,,,Dead,DEAD,,alive,dead
Plot 82,P82-39,125,130,5.0,70,Yes,,TSO,113,Rhino,RRB,,125.0,130.0,5.0,113.0,70.0,Rhino,RRB,Yes,alive,alive
Plot 82,P82-40,152,MISSING,,MISSING,,MISSING,MISSING,MISSING,MISSING,MISSING,MISSING,152.0,,,,,Missing,MISSING,,alive,missing
Plot 82,P82-41,29,MISSING,,MISSING,,MISSING,MISSING,MISSING,MISSING,MISSING,MISSING,29.0,,,,,Missing,MISSING,,alive,missing
Plot 82,P82-42,244,215,-29.0,60,Yes,,MSB,215,Elephant,,,244.0,215.0,-29.0,215.0,60.0,Elephant,,Yes,alive,alive
Plot 82,P82-43,150,140,-10.0,60,Yes,,MSB,140,Elephant,,,150.0,140.0,-10.0,140.0,60.0,Elephant,,Yes,alive,alive
Plot 82,P82-44,219,190,-29.0,100,Yes,,SBB,190,Elephant,,,219.0,190.0,-29.0,190.0,100.0,Elephant,,Yes,alive,alive
Plot 82,P82-45,129,107,-22.0,40,Yes,,MSB,107,Rhino,,,129.0,107.0,-22.0,107.0,40.0,Rhino,,Yes,alive,alive
Plot 82,P82-46,177,210,33.0,70,Yes,,SBB,155,Others,,,177.0,210.0,33.0,155.0,70.0,Other,,Yes,alive,alive
Plot 82,P82-47,185,183,-2.0,140,Yes,,SBB,145,Elephant,,,185.0,183.0,-2.0,145.0,140.0,Elephant,,Yes,alive,alive
Plot 82,P82-48,199,199,0.0,90,Yes,,SBB,130,Elephant,,,199.0,199.0,0.0,130.0,90.0,Elephant,,Yes,alive,alive
Plot 82,P82-49,134,141,7.0,60,Yes,,TSO,141,Others,,,134.0,141.0,7.0,141.0,60.0,Other,,Yes,alive,alive
Plot 82,P82-50,234,249,15.0,90,Yes,,TSO,166,Rhino,RRB,,234.0,249.0,15.0,166.0,90.0,Rhino,RRB,Yes,alive,alive
plot 87,87-01,,345,345.0,100,Yes,,SBB,166,Elephant,RRB,,,345.0,345.0,166.0,100.0,Elephant,RRB,Yes,nan,alive
plot 87,87-02,,40,40.0,5,Yes,,,,,,,,40.0,40.0,,5.0,,,Yes,nan,alive
Plot 87,87-03,,27,27.0,8,Yes,,SBB,28,Rhino,,,,27.0,27.0,28.0,8.0,Rhino,,Yes,nan,alive
Plot 87,87-04,,,0.0,,,,,,,,"Dead, Tag found",,,0.0,,,,,,nan,dead
Plot 87,87-05,,58,58.0,50,Yes,,MSB,58,Elephant,,,,58.0,58.0,58.0,50.0,Elephant,,Yes,nan,alive
Plot 87,87-06,,,0.0,,,,,,,,"Dead, Tag found",,,0.0,,,,,,nan,dead
Plot 87,87-07,,480,480.0,170,Yes,,SBB,150,Elephant,,,,480.0,480.0,150.0,170.0,Elephant,,Yes,nan,alive
Plot 87,87-08,,180,180.0,80,Yes,,SBB,78,Rhino,BBR,,,180.0,180.0,78.0,80.0,Rhino,BBR,Yes,nan,alive
Plot 87,87-09,,14,14.0,10,Yes,,MSB,4,Rhino,,,,14.0,14.0,4.0,10.0,Rhino,,Yes,nan,alive
Plot 87,87-10,,48,48.0,10,Yes,,,,,,,,48.0,48.0,,10.0,,,Yes,nan,alive
Plot 87,87-11,,27,27.0,10,Yes,,,,,,tag misiing,,27.0,27.0,,10.0,,,Yes,nan,alive
Plot 87,87-12,,,0.0,,,,,,,,tag misiing,,,0.0,,,,,,nan,nan
Plot 87,87-13,,,0.0,,,,,,,,"Dead, Tag found",,,0.0,,,,,,nan,dead
Plot 87,87-14,,52,52.0,30,Yes,,MSB,52,Rhino,,,,52.0,52.0,52.0,30.0,Rhino,,Yes,nan,alive
Plot 87,87-15,,320,320.0,130,Yes,,SBB,249,Elephant,,,,320.0,320.0,249.0,130.0,Elephant,,Yes,nan,alive
Plot 87,87-16,,,0.0,,,,,,,,"Dead, Tag found",,,0.0,,,,,,nan,dead
Plot 87,87-17,,20,20.0,30,Yes,,MSB,7,Rhino,,,,20.0,20.0,7.0,30.0,Rhino,,Yes,nan,alive
Plot 87,87-18,,16,16.0,2,Yes,,MSB,16,Rhino,,,,16.0,16.0,16.0,2.0,Rhino,,Yes,nan,alive
Plot 87,87-19,,20,20.0,1,Yes,,MSB,14,Elephant,,Regrowing,,20.0,20.0,14.0,1.0,Elephant,,Yes,nan,alive
Plot 87,87-20,,,0.0,,,,,,,,Dead. Tag found,,,0.0,,,,,,nan,dead
Plot 87,87-21,,,0.0,,,,,,,,Dead. Tag found,,,0.0,,,,,,nan,dead
Plot 87,87-22,,,0.0,,,,,,,,Dead. Tag found,,,0.0,,,,,,nan,dead
Plot 87,87-23,,16,16.0,10,Yes,,,,,,,,16.0,16.0,,10.0,,,Yes,nan,alive
Plot 87,87-24,,30,30.0,20,Yes,,,,,,,,30.0,30.0,,20.0,,,Yes,nan,alive
Plot 87,87-25,,,0.0,,,,,,,,Drying up,,,0.0,,,,,,nan,nan
Plot 87,87-26,,,0.0,,,,,,,,"Dead, Tag found",,,0.0,,,,,,nan,dead
Plot 87,87-27,,,0.0,,,,,,,,Dead. Tag found,,,0.0,,,,,,nan,dead
Plot 87,87-28,,28,28.0,10,Yes,,TSO,15,Others,,,,28.0,28.0,15.0,10.0,Other,,Yes,nan,alive
Plot 87,87-29,,,0.0,,Yes,,,,,,Dried up,,,0.0,,,,,Yes,nan,nan
Plot 87,87-30,,200,200.0,70,Yes,,SBB,160,Others,,,,200.0,200.0,160.0,70.0,Other,,Yes,nan,alive
Plot 87,87-31,,,0.0,,,,,,,,Dead. Tag found,,,0.0,,,,,,nan,dead
Plot 87,87-32,,252,252.0,80,Yes,,SBB,174,Elephant,AB,,,252.0,252.0,174.0,80.0,Elephant,AB,Yes,nan,alive
Plot 87,87-33,,245,245.0,70,Yes,,SBB,190,Elephant,RRB,,,245.0,245.0,190.0,70.0,Elephant,RRB,Yes,nan,alive
Plot 87,87-34,,230,230.0,90,Yes,,MSB,229,Elephant,RRB,,,230.0,230.0,229.0,90.0,Elephant,RRB,Yes,nan,alive
Plot 87,87-35,,499,499.0,120,Yes,,SBB,166,Elephant,AB,,,499.0,499.0,166.0,120.0,Elephant,AB,Yes,nan,alive
Plot 87,87-36,,20,20.0,2,Yes,,TSO,20,Rhino,,,,20.0,20.0,20.0,2.0,Rhino,,Yes,nan,alive
Plot 87,87-37,,6,6.0,10,Yes,,MSB,6,Rhino,,,,6.0,6.0,6.0,10.0,Rhino,,Yes,nan,alive
Plot 87,87-38,,15,15.0,10,Yes,,,,,,,,15.0,15.0,,10.0,,,Yes,nan,alive
Plot 87,87-39,,236,236.0,110,Yes,,SBB,93,,RRB,,,236.0,236.0,93.0,110.0,,RRB,Yes,nan,alive
Plot 87,87-40,,,0.0,,,,,,,,"Dead, Tag found",,,0.0,,,,,,nan,dead
Plot 87,87-41,,,0.0,,,,,,,,Dead. Tag found,,,0.0,,,,,,nan,dead
Plot 87,87-42,,34,34.0,3,Yes,,,,,,Regrowing,,34.0,34.0,,3.0,,,Yes,nan,alive
Plot 87,87-43,,,0.0,,,,,,,,"Dead, Tag found",,,0.0,,,,,,nan,dead
Plot 87,87-44,,,0.0,,,,,,,,"Dead, Tag found",,,0.0,,,,,,nan,dead
Plot 87,87-45,,13,13.0,30,Yes,,MSB,4,Rhino,,,,13.0,13.0,4.0,30.0,Rhino,,Yes,nan,alive
Plot 87,87-46,,,0.0,,,,,,,,Dead tag missing,,,0.0,,,,,,nan,missing
Plot 87,87-47,,,0.0,,,,,,,,Dead. Tag found,,,0.0,,,,,,nan,dead
Plot 87,87-48,,389,389.0,120,Yes,,SBB,160,Elephant,AB,,,389.0,389.0,160.0,120.0,Elephant,AB,Yes,nan,alive
Plot 87,87-49,,180,180.0,100,Yes,,MSB,124,Elephant,,,,180.0,180.0,124.0,100.0,Elephant,,Yes,nan,alive
Plot 87,87-50,,283,283.0,100,Yes,,MSB,283,Elephant,,Dried up,,283.0,283.0,283.0,100.0,Elephant,,Yes,nan,alive
plot 88,88-01,,530,530.0,120,Yes,,SBB,70,Elephant,BRB,tag removed,,530.0,530.0,70.0,120.0,Elephant,BRB,Yes,nan,alive
plot 88,88-02,,18,18.0,1,Yes,,TSO,14,Rhino,BBR,tag misiing,,18.0,18.0,14.0,1.0,Rhino,BBR,Yes,nan,alive
plot 88,88-03,,31,31.0,4,Yes,,TSO,21,Others,BBR,,,31.0,31.0,21.0,4.0,Other,BBR,Yes,nan,alive
plot 88,88-04,,130,130.0,38,Yes,,TSO,130,Rhino,BBR,,,130.0,130.0,130.0,38.0,Rhino,BBR,Yes,nan,alive
plot 88,88-05,,211,211.0,60,Yes,,SBB,164,Elephant,BBR,tag misiing,,211.0,211.0,164.0,60.0,Elephant,BBR,Yes,nan,alive
plot 88,88-06,,108,108.0,38,Yes,,SBB,108,Elephant,BBR,,,108.0,108.0,108.0,38.0,Elephant,BBR,Yes,nan,alive
plot 88,88-07,,380,380.0,90,Yes,,SBB,258,Elephant,AB,bearing 104 distance 11.3,,380.0,380.0,258.0,90.0,Elephant,AB,Yes,nan,alive
plot 88,88-08,,,0.0,,,,,,,,"Dead, Tag found",,,0.0,,,,,,nan,dead
plot 88,88-09,,28,28.0,2,Yes,,SBB,14,Others,,tag missing retag,,28.0,28.0,14.0,2.0,Other,,Yes,nan,missing
plot 88,88-10,,,0.0,,,,,,,,dead bearing 224 dist.6.3,,,0.0,,,,,,nan,dead
plot 88,88-11,,41,41.0,2,Yes,,TSO,41,Others,,213 bearing dist.18.6,,41.0,41.0,41.0,2.0,Other,,Yes,nan,alive
plot 88,88-12,,,0.0,,Yes,,,,,,"Dead, Tag found bearing 194 dist 4m",,,0.0,,,,,Yes,nan,dead
plot 88,88-13,,171,171.0,4.2,Yes,,SBB,171,Elephant,,Dead,,171.0,171.0,171.0,4.2,Elephant,,Yes,nan,dead
plot 88,88-14,,1.55,1.55,4.2,Yes,,SBB,130,Elephant,AB,,,1.55,1.55,130.0,4.2,Elephant,AB,Yes,nan,alive
plot 88,88-15,,,0.0,,,,,,,,Dead,,,0.0,,,,,,nan,dead
plot 88,88-16,,390,390.0,90,Yes,,SBB,223,Elephant,,tag missing,,390.0,390.0,223.0,90.0,Elephant,,Yes,nan,missing
plot 88,88-17,,20,20.0,4,Yes,,TSO,20,Others,,,,20.0,20.0,20.0,4.0,Other,,Yes,nan,alive
plot 88,88-18,,360,360.0,15,Yes,,SBB,215,Elephant,RRB,,,360.0,360.0,215.0,15.0,Elephant,RRB,Yes,nan,alive
plot 88,88-19,,298,298.0,70,Yes,,SBB,237,Elephant,,Dried up,,298.0,298.0,237.0,70.0,Elephant,,Yes,nan,alive
plot 88,88-20,,22,22.0,2,Yes,,,,,,,,22.0,22.0,,2.0,,,Yes,nan,alive
plot 88,88-21,,20,20.0,1,Yes,,TSO,20,Others,,,,20.0,20.0,20.0,1.0,Other,,Yes,nan,alive
plot 88,88-22,,29,29.0,2,Yes,,TSO,24,Others,,274 bearing 21.6 dist,,29.0,29.0,24.0,2.0,Other,,Yes,nan,alive
plot 88,88-23,,,0.0,,,,,,,,"Dead, Tag found",,,0.0,,,,,,nan,dead
plot 88,88-24,,51,51.0,48,Yes,,MSB,51,Elephant,BBR,,,51.0,51.0,51.0,48.0,Elephant,BBR,Yes,nan,alive
plot 88,88-25,,21,21.0,4,Yes,,,,,,tag missing,,21.0,21.0,,4.0,,,Yes,nan,missing
plot 88,88-26,,37,37.0,4,Yes,,TSO,25,Others,,,,37.0,37.0,25.0,4.0,Other,,Yes,nan,alive
plot 88,88-27,,,0.0,,,,,,,,Dead tag missing,,,0.0,,,,,,nan,missing
plot 88,88-28,,,0.0,,,,,,,,Dead tag missing,,,0.0,,,,,,nan,missing
plot 88,88-29,,,0.0,,,,,,,,Dead tag missing,,,0.0,,,,,,nan,missing
plot 88,88-30,,,0.0,,,,,,,,"Dead, Tag found",,,0.0,,,,,,nan,dead
plot 88,88-31,,2.23,2.23,56,Yes,,TSO,223,Rhino,,,,2.23,2.23,223.0,56.0,Rhino,,Yes,nan,alive
plot 88,88-32,,,0.0,,Yes,,,,,,Dead tag missing bearing 4 dist 7.1,,,0.0,,,,,Yes,nan,missing
plot 88,88-33,,,0.0,,Yes,,,,,,Dead Tag found,,,0.0,,,,,Yes,nan,dead
plot 88,88-34,,287,287.0,150,Yes,,SBB,272,Elephant,AB,tag missing,,287.0,287.0,272.0,150.0,Elephant,AB,Yes,nan,missing
plot 88,88-35,,105,105.0,80,Yes,,MSB,105,Elephant,,tag missing,,105.0,105.0,105.0,80.0,Elephant,,Yes,nan,missing
plot 88,88-36,,230,230.0,69,Yes,,SBB,181,Elephant,,Drying up,,230.0,230.0,181.0,69.0,Elephant,,Yes,nan,alive
plot 88,88-37,,24,24.0,3,Yes,,TSO,24,Others,,,,24.0,24.0,24.0,3.0,Other,,Yes,nan,alive
plot 88,88-38,,,0.0,,,,,,,,Dead tag missing,,,0.0,,,,,,nan,missing
plot 88,88-39,,,0.0,,,,,,,,Dead Tag found,,,0.0,,,,,,nan,dead
plot 88,88-40,,2.2,2.2,50,Yes,,TSO,220,Giraffe,AB,,,2.2,2.2,220.0,50.0,Giraffe,AB,Yes,nan,alive
plot 88,88-41,,187,187.0,58,Yes,,SBB,161,Elephant,AB,tag missing bearing 23 dist 14.7,,187.0,187.0,161.0,58.0,Elephant,AB,Yes,nan,missing
plot 88,88-42,,,0.0,,Yes,,,,,,"Dead, Tag found",,,0.0,,,,,Yes,nan,dead
plot 88,88-43,,90,90.0,25,Yes,,TSO,90,Rhino,BBR,,,90.0,90.0,90.0,25.0,Rhino,BBR,Yes,nan,alive
plot 88,88-44,,194,194.0,58,Yes,,TSO,180,Giraffe,BBR,,,194.0,194.0,180.0,58.0,Giraffe,BBR,Yes,nan,alive
plot 88,88-45,,,0.0,,Yes,,,,,,Dead tag missing bearing 64 dist 13.4,,,0.0,,,,,Yes,nan,missing
plot 88,88-46,,35,35.0,5,Yes,,TSO,31,Rhino,,Regrowth,,35.0,35.0,31.0,5.0,Rhino,,Yes,nan,alive
plot 88,88-47,,,0.0,,,,,,,,Dried up,,,0.0,,,,,,nan,nan
plot 88,88-48,,196,196.0,7,Yes,,TSO,163,Elephant,AB,,,196.0,196.0,163.0,7.0,Elephant,AB,Yes,nan,alive
plot 88,88-49,,224,224.0,7,Yes,,TSO,122,Elephant,BBR,,,224.0,224.0,122.0,7.0,Elephant,BBR,Yes,nan,alive
plot 88,88-50,,335,335.0,12,Yes,,TSO,158,Elephant,RRB,,,335.0,335.0,158.0,12.0,Elephant,RRB,Yes,nan,alive
plot 90,90-01,361,352,-9.0,130,Yes,Old,SBB,312,drought,,,361.0,352.0,-9.0,312.0,130.0,Drought/Natural,,Yes,alive,alive
plot 90,90-02,175,164,-11.0,50,Yes,Old,,,drought,BBR,,175.0,164.0,-11.0,,50.0,Drought/Natural,BBR,Yes,alive,alive
plot 90,90-03,296,384,88.0,90,Yes,Old,SBB,279,Elephant,RRB,,296.0,384.0,88.0,279.0,90.0,Elephant,RRB,Yes,alive,alive
plot 90,90-04,116,118,2.0,40,Yes,Old,SBB,32,drought,BBR,,116.0,118.0,2.0,32.0,40.0,Drought/Natural,BBR,Yes,alive,alive
plot 90,90-05,128,122,-6.0,40,Yes,Old,SBB,77,drought,BBR,,128.0,122.0,-6.0,77.0,40.0,Drought/Natural,BBR,Yes,alive,alive
plot 90,90-06,200,202,2.0,70,No,Old,none,80,drought,BBR,,200.0,202.0,2.0,80.0,70.0,Drought/Natural,BBR,No,alive,alive
plot 90,90-07,195,193,-2.0,55.5,No,Old,none,94,drought,BBR,,195.0,193.0,-2.0,94.0,55.5,Drought/Natural,BBR,No,alive,alive
plot 90,90-08,91,93,2.0,30,Yes,Old,MSB,52,drought,BBR,,91.0,93.0,2.0,52.0,30.0,Drought/Natural,BBR,Yes,alive,alive
plot 90,90-09,15,30,15.0,5,Yes,Old,MSB,12,Rhino,,,15.0,30.0,15.0,12.0,5.0,Rhino,,Yes,alive,alive
plot 90,90-10,11,17,6.0,4,Yes,Old,SBB,4,Rhino,,,11.0,17.0,6.0,4.0,4.0,Rhino,,Yes,alive,alive
plot 90,90-11,247,248,1.0,80,Yes,Old,MSB,172,drought,RRB,,247.0,248.0,1.0,172.0,80.0,Drought/Natural,RRB,Yes,alive,alive
plot 90,90-12,181,100,-81.0,50,Yes,Old,SBB,90,Elephant,,,181.0,100.0,-81.0,90.0,50.0,Elephant,,Yes,alive,alive
plot 90,90-13,195,188,-7.0,45,Yes,Old,SBB,129,drought,RRB,,195.0,188.0,-7.0,129.0,45.0,Drought/Natural,RRB,Yes,alive,alive
plot 90,90-14,210,218,8.0,70,Yes,Old,MSB,174,Elephant,RRB,,210.0,218.0,8.0,174.0,70.0,Elephant,RRB,Yes,alive,alive
plot 90,90-15,211,221,10.0,80,Yes,Old,MSB,145,Elephant,RRB,,211.0,221.0,10.0,145.0,80.0,Elephant,RRB,Yes,alive,alive
plot 90,90-16,181,184,3.0,50,Yes,Old,MSB,179,drought,RRB,,181.0,184.0,3.0,179.0,50.0,Drought/Natural,RRB,Yes,alive,alive
plot 90,90-17,215,223,8.0,70,Yes,Old,SBB,184,drought,RRB,,215.0,223.0,8.0,184.0,70.0,Drought/Natural,RRB,Yes,alive,alive
plot 90,90-18,195,207,12.0,80,Yes,Old,MSB,150,drought,RRB,,195.0,207.0,12.0,150.0,80.0,Drought/Natural,RRB,Yes,alive,alive
plot 90,90-19,197,195,-2.0,40,Yes,Old,MSB,152,drought,AB,,197.0,195.0,-2.0,152.0,40.0,Drought/Natural,AB,Yes,alive,alive
plot 90,90-20,250,276,26.0,50,Yes,Old,MSB,134,drought,BBR,,250.0,276.0,26.0,134.0,50.0,Drought/Natural,BBR,Yes,alive,alive
plot 90,90-21,437,436,-1.0,150,Yes,Old,TSO,432,drought,RRB,,437.0,436.0,-1.0,432.0,150.0,Drought/Natural,RRB,Yes,alive,alive
plot 90,90-22,240,246,6.0,55,Yes,Old,SBB,120,drought,BBR,,240.0,246.0,6.0,120.0,55.0,Drought/Natural,BBR,Yes,alive,alive
plot 90,90-23,223,238,15.0,60,Yes,Old,SBB,182,drought,RRB,,223.0,238.0,15.0,182.0,60.0,Drought/Natural,RRB,Yes,alive,alive
plot 90,90-24,184,164,-20.0,50,Yes,Old,MSB,142,drought,RRB,,184.0,164.0,-20.0,142.0,50.0,Drought/Natural,RRB,Yes,alive,alive
plot 90,90-25,239,230,-9.0,80,Yes,Old,SBB,143,drought,RRB,,239.0,230.0,-9.0,143.0,80.0,Drought/Natural,RRB,Yes,alive,alive
plot 90,90-26,185,184,-1.0,30,Yes,Old,SBB,75,drought,TB,,185.0,184.0,-1.0,75.0,30.0,Drought/Natural,TB,Yes,alive,alive
plot 90,90-27,371,380,9.0,10,Yes,Old,MSB,325,drought,,,371.0,380.0,9.0,325.0,10.0,Drought/Natural,,Yes,alive,alive
plot 90,90-28,191,194,3.0,90,Yes,Old,SBB,144,drought,BBR,,191.0,194.0,3.0,144.0,90.0,Drought/Natural,BBR,Yes,alive,alive
plot 90,90-29,112,116,4.0,35,Yes,Old,MSB,70,drought,BBR,,112.0,116.0,4.0,70.0,35.0,Drought/Natural,BBR,Yes,alive,alive
plot 90,90-30,105,112,7.0,60,Yes,Old,SBB,97,Elephant,BBR,,105.0,112.0,7.0,97.0,60.0,Elephant,BBR,Yes,alive,alive
plot 90,90-31,233,251,18.0,70,Yes,Old,SBB,191,drought,RRB,,233.0,251.0,18.0,191.0,70.0,Drought/Natural,RRB,Yes,alive,alive
plot 90,90-32,251,270,19.0,70,Yes,Old,MSB,250,drought,RRB,,251.0,270.0,19.0,250.0,70.0,Drought/Natural,RRB,Yes,alive,alive
plot 90,90-33,339,313,-26.0,65,Yes,Old,MSB,156,drought,AB,,339.0,313.0,-26.0,156.0,65.0,Drought/Natural,AB,Yes,alive,alive
plot 90,90-34,571,571,0.0,160,Yes,Old,MSB,332,Elephant,,,571.0,571.0,0.0,332.0,160.0,Elephant,,Yes,alive,alive
plot 90,90-35,36,18,-18.0,70,Yes,Old,MSB,18,Elephant,,,36.0,18.0,-18.0,18.0,70.0,Elephant,,Yes,alive,alive
plot 90,90-36,116,42,-74.0,50,Yes,Old,SBB,40,Elephant,AB,,116.0,42.0,-74.0,40.0,50.0,Elephant,AB,Yes,alive,alive
plot 90,90-37,196,137,-59.0,110,Yes,Old,MSB,137,Elephant,AB,,196.0,137.0,-59.0,137.0,110.0,Elephant,AB,Yes,alive,alive
plot 90,90-38,75,66,-9.0,60,,,MSB,66,Elephant,AB,,75.0,66.0,-9.0,66.0,60.0,Elephant,AB,,alive,alive
plot 90,90-39,10,122,112.0,110,Yes,New,MSB,122,Elephant,AB,,10.0,122.0,112.0,122.0,110.0,Elephant,AB,Yes,alive,alive
plot 90,90-40,269,271,2.0,65,Yes,Old,SBB,230,Elephant,CMP,,269.0,271.0,2.0,230.0,65.0,Elephant,CMP,Yes,alive,alive
plot 90,90-41,251,239,-12.0,60,Yes,Old,SBB,171,drought,RRB,,251.0,239.0,-12.0,171.0,60.0,Drought/Natural,RRB,Yes,alive,alive
plot 90,90-42,139,159,20.0,50,Yes,New,TSO,148,drought,RRB,,139.0,159.0,20.0,148.0,50.0,Drought/Natural,RRB,Yes,alive,alive
plot 90,90-43,197,208,11.0,50,Yes,Old,SBB,122,drought,RRB,,197.0,208.0,11.0,122.0,50.0,Drought/Natural,RRB,Yes,alive,alive
plot 90,90-44,447,419,-28.0,100,Yes,Old,SBB,216,drought,RRB,,447.0,419.0,-28.0,216.0,100.0,Drought/Natural,RRB,Yes,alive,alive
plot 90,90-45,152,148,-4.0,30,Yes,Old,SBB,118,drought,BBR,,152.0,148.0,-4.0,118.0,30.0,Drought/Natural,BBR,Yes,alive,alive
plot 90,90-46,164,164,0.0,70,Yes,New,SBB,80,drought,BBR,,164.0,164.0,0.0,80.0,70.0,Drought/Natural,BBR,Yes,alive,alive
plot 90,90-47,224,244,20.0,90,Yes,Old,MSB,179,drought,RRB,,224.0,244.0,20.0,179.0,90.0,Drought/Natural,RRB,Yes,alive,alive
plot 90,90-48,29,37,8.0,1.5,Yes,Old,MSB,12,Other,,,29.0,37.0,8.0,12.0,1.5,Other,,Yes,alive,alive
plot 90,90-49,231,209,-22.0,65,Yes,Old,SBB,169,Elephant,RRB,,231.0,209.0,-22.0,169.0,65.0,Elephant,RRB,Yes,alive,alive
plot 90,90-50,318,336,18.0,150,Yes,New,SBB,353,drought,RRB,,318.0,336.0,18.0,353.0,150.0,Drought/Natural,RRB,Yes,alive,alive
Plot 86,86-1,490,490,0.0,180,Yes,Old,SBB,240,Elephant,,Dead tag missing,490.0,490.0,0.0,240.0,180.0,Elephant,,Yes,alive,missing
Plot 86,86-2,327,,-327.0,,,,,,,,,327.0,,-327.0,,,,,,alive,nan
Plot 86,86-3,326,293,-33.0,130,Yes,Old,SBB,134,Elephant,TP,Dead tag missing,326.0,293.0,-33.0,134.0,130.0,Elephant,TP,Yes,alive,missing
Plot 86,86-4,260,,-260.0,,,,,,,,,260.0,,-260.0,,,,,,alive,nan
Plot 86,86-5,420,500,80.0,130,Yes,New,SBB,256,,,Drying up,420.0,500.0,80.0,256.0,130.0,,,Yes,alive,alive
Plot 86,86-6,366,219,-147.0,100,Yes,Old,SBB,219,Others,TP,Dead,366.0,219.0,-147.0,219.0,100.0,Other,TP,Yes,alive,dead
Plot 86,86-7,238,,-238.0,,,,,,,,tag missing,238.0,,-238.0,,,,,,alive,missing
Plot 86,86-8,400,379,-21.0,150,Yes,Old,SBB,329,Others,,,400.0,379.0,-21.0,329.0,150.0,Other,,Yes,alive,alive
Plot 86,86-9,17,52,35.0,20,Yes,Old,SBB,40,Rhino,,Dead Tag found,17.0,52.0,35.0,40.0,20.0,Rhino,,Yes,alive,dead
Plot 86,86-10,22,,-22.0,,,,,,,,Missing,22.0,,-22.0,,,,,,alive,missing
Plot 86,86-11,32,,-32.0,,,,,,,,,32.0,,-32.0,,,,,,alive,nan
Plot 86,86-12,19,30,11.0,20,Yes,Old,,13,Others,TP,Drying up,19.0,30.0,11.0,13.0,20.0,Other,TP,Yes,alive,alive
Plot 86,86-13,455,429,-26.0,120,Yes,New,SBB,189,Others,,,455.0,429.0,-26.0,189.0,120.0,Other,,Yes,alive,alive
Plot 86,86-14,15,32,17.0,5,Yes,Old,MSB,5,Others,,,15.0,32.0,17.0,5.0,5.0,Other,,Yes,alive,alive
Plot 86,86-15,11,42,31.0,50,Yes,,,,,,,11.0,42.0,31.0,,50.0,,,Yes,alive,alive
Plot 86,86-16,520,500,-20.0,140,Yes,Old,TSO,255,Elephant,,,520.0,500.0,-20.0,255.0,140.0,Elephant,,Yes,alive,alive
Plot 86,86-17,12,40,28.0,4,Yes,Old,SBB,20,Rhino,,,12.0,40.0,28.0,20.0,4.0,Rhino,,Yes,alive,alive
Plot 86,86-18,248,,-248.0,,,,,,,,Dead Tag found,248.0,,-248.0,,,,,,alive,dead
Plot 86,86-19,16,29,13.0,4,Yes,New,MSB,16,Others,BBR,Regrowing,16.0,29.0,13.0,16.0,4.0,Other,BBR,Yes,alive,alive
Plot 86,86-20,350,360,10.0,70,Yes,Old,TSO,202,Others,,,350.0,360.0,10.0,202.0,70.0,Other,,Yes,alive,alive
Plot 86,86-21,330,,-330.0,,,,,,,,Dead Tag found,330.0,,-330.0,,,,,,alive,dead
Plot 86,86-22,170,,-170.0,,Yes,,,,,,Dead Tag found,170.0,,-170.0,,,,,Yes,alive,dead
Plot 86,86-23,372,188,-184.0,100,Yes,Old,MSB,188,Elephant,,Drying up,372.0,188.0,-184.0,188.0,100.0,Elephant,,Yes,alive,alive
Plot 86,86-24,280,195,-85.0,90,Yes,New,TSO,195,Elephant,,Drying up,280.0,195.0,-85.0,195.0,90.0,Elephant,,Yes,alive,alive
Plot 86,86-25,241,,-241.0,,,,,,,,Dead Tag found,241.0,,-241.0,,,,,,alive,dead
Plot 86,86-26,19,27,8.0,5,,,,,,,,19.0,27.0,8.0,,5.0,,,,alive,alive
Plot 86,86-27,375,377,2.0,120,Yes,Old,SBB,219,Others,,,375.0,377.0,2.0,219.0,120.0,Other,,Yes,alive,alive
Plot 86,86-28,18,20,2.0,6,Yes,Old,MSB,4,Others,BBR,tag missing,18.0,20.0,2.0,4.0,6.0,Other,BBR,Yes,alive,missing
Plot 86,86-29,25,33,8.0,4,Yes,,,,,,,25.0,33.0,8.0,,4.0,,,Yes,alive,alive
Plot 86,86-30,318,253,-65.0,150,Yes,Old,SBB,253,Others,,Drying up,318.0,253.0,-65.0,253.0,150.0,Other,,Yes,alive,alive
Plot 86,86-31,237,109,-128.0,120,Yes,New,MSB,109,Elephant,TP,Dead,237.0,109.0,-128.0,109.0,120.0,Elephant,TP,Yes,alive,dead
Plot 86,86-32,450,450,0.0,130,Yes,Old,SBB,280,Elephant,,,450.0,450.0,0.0,280.0,130.0,Elephant,,Yes,alive,alive
Plot 86,86-33,6,,-6.0,,,,,,,,Missing,6.0,,-6.0,,,,,,alive,missing
Plot 86,86-34,15,22,7.0,4,Yes,Old,MSB,3,Rhino,BBR,tag missing,15.0,22.0,7.0,3.0,4.0,Rhino,BBR,Yes,alive,missing
Plot 86,86-35,22,38,16.0,50,,,,,,,tag missing,22.0,38.0,16.0,,50.0,,,,alive,missing
Plot 86,86-36,460,461,1.0,140,Yes,Old,SBB,257,Others,,,460.0,461.0,1.0,257.0,140.0,Other,,Yes,alive,alive
Plot 86,86-37,365,370,5.0,100,Yes,Old,SBB,168,Others,BBR,tag missing,365.0,370.0,5.0,168.0,100.0,Other,BBR,Yes,alive,missing
Plot 86,86-38,38,23,-15.0,40,Yes,New,MSB,4,Rhino,BBR,,38.0,23.0,-15.0,4.0,40.0,Rhino,BBR,Yes,alive,alive
Plot 86,86-39,242,280,38.0,70,Yes,New,MSB,280,Others,TP,Drying up,242.0,280.0,38.0,280.0,70.0,Other,TP,Yes,alive,alive
Plot 86,86-40,10,30,20.0,40,Yes,Old,MSB,10,Others,,,10.0,30.0,20.0,10.0,40.0,Other,,Yes,alive,alive
Plot 86,86-41,240,58,-182.0,100,Yes,Old,MSB,58,Elephant,BBR,missing tag,240.0,58.0,-182.0,58.0,100.0,Elephant,BBR,Yes,alive,missing
Plot 86,86-42,160,,-160.0,,,,,,,,,160.0,,-160.0,,,,,,alive,nan
Plot 86,86-43,260,243,-17.0,180,Yes,Old,MSB,243,Other,TP,Dead Tag found,260.0,243.0,-17.0,243.0,180.0,Other,TP,Yes,alive,dead
Plot 86,86-44,230,,-230.0,,,,,,,,,230.0,,-230.0,,,,,,alive,nan
Plot 86,86-45,462,490,28.0,170,Yes,Old,SBB,153,Others,TP,Dead Tag found,462.0,490.0,28.0,153.0,170.0,Other,TP,Yes,alive,dead
Plot 86,86-46,319,,-319.0,,,,,,,,,319.0,,-319.0,,,,,,alive,nan
Plot 86,86-47,19,23,4.0,4,Yes,Old,TSO,8,Others,TP,Drying up,19.0,23.0,4.0,8.0,4.0,Other,TP,Yes,alive,alive
Plot 86,86-48,330,261,-69.0,80,Yes,New,MSB,210,Elephant,BBR,Dead tag missing,330.0,261.0,-69.0,210.0,80.0,Elephant,BBR,Yes,alive,missing
Plot 86,86-49,385,,-385.0,,,,,,,,Dead tag missing,385.0,,-385.0,,,,,,alive,missing
Plot 86,86-50,350,172.32734304932734,-177.67265695067266,,,,,,,,,350.0,172.32734304932734,-177.67265695067266,,,,,,alive,alive
,,173.36524640657083,,25.719173890188166,,,,,,,,,173.36524640657083,,25.719173890188166,,,,,,alive,nan
,,,,,,,,,,,,,,,,,,,,,nan,nan
,,,,,,,,,,,,,,,,,,,,,nan,nan
,,,,,,,,,,,,,,,,,,,,,nan,nan
,,,,,,,,,,,,,,,,,,,,,nan,nan
,,,,,,,,,,,,,,,,,,,,,nan,nan
,,,,,,,,,,,,,,,,,,,,,nan,nan
,,,,,,,,,,,,,,,,,,,,,nan,nan
,,,,,,,,,,,,,,,,,,,,,nan,nan
,,,,,,,,,,,,,,,,,,,,,nan,nan
,,,,,,,,,,,,,,,,,,,,,nan,nan
,,,,,,,,,,,,,,,,,,,,,nan,nan
,,,,,,,,,,,,,,,,,,,,,nan,nan
,,,,,,,,,,,,,,,,,,,,,nan,nan
,,,,,,,,,,,,,,,,,,,,,nan,nan
,,,,,,,,,,,,,,,,,,,,,nan,nan
,,,,,,,,,,,,,,,,,,,,,nan,nan
,,,,,,,,,,,,,,,,,,,,,nan,nan
,,,,,,,,,,,,,,,,,,,,,nan,nan
,,,,,,,,,,,,,,,,,,,,,nan,nan
,,,,,,,,,,,,,,,,,,,,,nan,nan
,,,,,,,,,,,,,,,,,,,,,nan,nan
,,,,,,,,,,,,,,,,,,,,,nan,nan
,,,,,,,,,,,,,,,,,,,,,nan,nan
,,,,,,,,,,,,,,,,,,,,,nan,nan
,,,,,,,,,,,,,,,,,,,,,nan,nan
,,,,,,,,,,,,,,,,,,,,,nan,nan
,,,,,,,,,,,,,,,,,,,,,nan,nan
,,,,,,,,,,,,,,,,,,,,,nan,nan
,,,,,,,,,,,,,,,,,,,,,nan,nan
,,,,,,,,,,,,,,,,,,,,,nan,nan
,,,,,,,,,,,,,,,,,,,,,nan,nan
,,,,,,,,,,,,,,,,,,,,,nan,nan
,,,,,,,,,,,,,,,,,,,,,nan,nan
,,,,,,,,,,,,,,,,,,,,,nan,nan
,,,,,,,,,,,,,,,,,,,,,nan,nan
,,,,,,,,,,,,,,,,,,,,,nan,nan
,,,,,,,,,,,,,,,,,,,,,nan,nan
,,,,,,,,,,,,,,,,,,,,,nan,nan
,,,,,,,,,,,,,,,,,,,,,nan,nan
,,,,,,,,,,,,,,,,,,,,,nan,nan
,,,,,,,,,,,,,,,,,,,,,nan,nan
,,,,,,,,,,,,,,,,,,,,,nan,nan
,,,,,,,,,,,,,,,,,,,,,nan,nan
,,,,,,,,,,,,,,,,,,,,,nan,nan
,,,,,,,,,,,,,,,,,,,,,nan,nan
,,,,,,,,,,,,,,,,,,,,,nan,nan
,,,,,,,,,,,,,,,,,,,,,nan,nan
,,,,,,,,,,,,,,,,,,,,,nan,nan
,,,,,,,,,,,,,,,,,,,,,nan,nan
,,,,,,,,,,,,,,,,,,,,,nan,nan
,,,,,,,,,,,,,,,,,,,,,nan,nan
,,,,,,,,,,,,,,,,,,,,,nan,nan
390,,,,,,,,,,,,,,,,,,,,,nan,nan
789,,,,,,,,,,,,,,,,,,,,,nan,nan
220,,,,,,,,,,,,,,,,,,,,,nan,nan
60,,,,,,,,,,,,,,,,,,,,,nan,nan
2,,,,,,,,,,,,,,,,,,,,,nan,nan
2,,,,,,,,,,,,,,,,,,,,,nan,nan
196,,,,,,,,,,,,,,,,,,,,,nan,nan
,,,,,,,,,,,,,,,,,,,,,nan,nan
,,,,,,,,,,,,,,,,,,,,,nan,nan
,,,,,,,,,,,,,,,,,,,,,nan,nan
,,,,,,,,,,,,,,,,,,,,,nan,nan
,,,,,,,,,,,,,,,,,,,,,nan,nan
,,,,,,,,,,,,,,,,,,,,,nan,nan
,,,,,,,,,,,,,,,,,,,,,nan,nan
,,,,,,,,,,,,,,,,,,,,,nan,nan
,,,,,,,,,,,,,,,,,,,,,nan,nan
,,,,,,,,,,,,,,,,,,,,,nan,nan
,,,,,,,,,,,,,,,,,,,,,nan,nan
,,,,,,,,,,,,,,,,,,,,,nan,nan
,,,,,,,,,,,,,,,,,,,,,nan,nan
,,,,,,,,,,,,,,,,,,,,,nan,nan
,,,,,,,,,,,,,,,,,,,,,nan,nan
,,,,,,,,,,,,,,,,,,,,,nan,nan
,,,,,,,,,,,,,,,,,,,,,nan,nan
,,,,,,,,,,,,,,,,,,,,,nan,nan
,,,,,,,,,,,,,,,,,,,,,nan,nan
,,,,,,,,,,,,,,,,,,,,,nan,nan
,,,,,,,,,,,,,,,,,,,,,nan,nan
,,,,,,,,,,,,,,,,,,,,,nan,nan
,,,,,,,,,,,,,,,,,,,,,nan,nan
,,,,,,,,,,,,,,,,,,,,,nan,nan
,,,,,,,,,,,,,,,,,,,,,nan,nan
,,,,,,,,,,,,,,,,,,,,,nan,nan
,,,,,,,,,,,,,,,,,,,,,nan,nan
,,,,,,,,,,,,,,,,,,,,,nan,nan
,,,,,,,,,,,,,,,,,,,,,nan,nan
,,,,,,,,,,,,,,,,,,,,,nan,nan
,,,,,,,,,,,,,,,,,,,,,nan,nan
,,,,,,,,,,,,,,,,,,,,,nan,nan
,,,,,,,,,,,,,,,,,,,,,nan,nan
,,,,,,,,,,,,,,,,,,,,,nan,nan
,,,,,,,,,,,,,,,,,,,,,nan,nan
,,,,,,,,,,,,,,,,,,,,,nan,nan
,,,,,,,,,,,,,,,,,,,,,nan,nan
,,,,,,,,,,,,,,,,,,,,,nan,nan
,,,,,,,,,,,,,,,,,,,,,nan,nan
,,,,,,,,,,,,,,,,,,,,,nan,nan
,,,,,,,,,,,,,,,,,,,,,nan,nan
,,,,,,,,,,,,,,,,,,,,,nan,nan
,,,,,,,,,,,,,,,,,,,,,nan,nan
,,,,,,,,,,,,,,,,,,,,,nan,nan
,,,,,,,,,,,,,,,,,,,,,nan,nan
,,,,,,,,,,,,,,,,,,,,,nan,nan
,,,,,,,,,,,,,,,,,,,,,nan,nan
,,,,,,,,,,,,,,,,,,,,,nan,nan
,,,,,,,,,,,,,,,,,,,,,nan,nan
,,,,,,,,,,,,,,,,,,,,,nan,nan
,,,,,,,,,,,,,,,,,,,,,nan,nan
,,,,,,,,,,,,,,,,,,,,,nan,nan
,,,,,,,,,,,,,,,,,,,,,nan,nan
,,,,,,,,,,,,,,,,,,,,,nan,nan
,,,,,,,,,,,,,,,,,,,,,nan,nan
,,,,,,,,,,,,,,,,,,,,,nan,nan
,,,,,,,,,,,,,,,,,,,,,nan,nan
,,,,,,,,,,,,,,,,,,,,,nan,nan
,,,,,,,,,,,,,,,,,,,,,nan,nan
,,,,,,,,,,,,,,,,,,,,,nan,nan
,,,,,,,,,,,,,,,,,,,,,nan,nan
,,,,,,,,,,,,,,,,,,,,,nan,nan
,,,,,,,,,,,,,,,,,,,,,nan,nan
,,,,,,,,,,,,,,,,,,,,,nan,nan
,,,,,,,,,,,,,,,,,,,,,nan,nan
,,,,,,,,,,,,,,,,,,,,,nan,nan
,,,,,,,,,,,,,,,,,,,,,nan,nan
,,,,,,,,,,,,,,,,,,,,,nan,nan
,,,,,,,,,,,,,,,,,,,,,nan,nan
,,,,,,,,,,,,,,,,,,,,,nan,nan
,,,,,,,,,,,,,,,,,,,,,nan,nan
,,,,,,,,,,,,,,,,,,,,,nan,nan
,,,,,,,,,,,,,,,,,,,,,nan,nan
,,,,,,,,,,,,,,,,,,,,,nan,nan
,,,,,,,,,,,,,,,,,,,,,nan,nan
,,,,,,,,,,,,,,,,,,,,,nan,nan
,,,,,,,,,,,,,,,,,,,,,nan,nan
,,,,,,,,,,,,,,,,,,,,,nan,nan
,,,,,,,,,,,,,,,,,,,,,nan,nan
,,,,,,,,,,,,,,,,,,,,,nan,nan
,,,,,,,,,,,,,,,,,,,,,nan,nan
,,,,,,,,,,,,,,,,,,,,,nan,nan
,,,,,,,,,,,,,,,,,,,,,nan,nan
,,,,,,,,,,,,,,,,,,,,,nan,nan
,,,,,,,,,,,,,,,,,,,,,nan,nan
,,,,,,,,,,,,,,,,,,,,,nan,nan
,,,,,,,,,,,,,,,,,,,,,nan,nan
,,,,,,,,,,,,,,,,,,,,,nan,nan
,,,,,,,,,,,,,,,,,,,,,nan,nan
,,,,,,,,,,,,,,,,,,,,,nan,nan
,,,,,,,,,,,,,,,,,,,,,nan,nan
,,,,,,,,,,,,,,,,,,,,,nan,nan
,,,,,,,,,,,,,,,,,,,,,nan,nan
,,,,,,,,,,,,,,,,,,,,,nan,nan
,,,,,,,,,,,,,,,,,,,,,nan,nan
,,,,,,,,,,,,,,,,,,,,,nan,nan
,,,,,,,,,,,,,,,,,,,,,nan,nan
,,,,,,,,,,,,,,,,,,,,,nan,nan
,,,,,,,,,,,,,,,,,,,,,nan,nan
,,,,,,,,,,,,,,,,,,,,,nan,nan
,,,,,,,,,,,,,,,,,,,,,nan,nan
,,,,,,,,,,,,,,,,,,,,,nan,nan
,,,,,,,,,,,,,,,,,,,,,nan,nan
,,,,,,,,,,,,,,,,,,,,,nan,nan
,,,,,,,,,,,,,,,,,,,,,nan,nan
,,,,,,,,,,,,,,,,,,,,,nan,nan
,,,,,,,,,,,,,,,,,,,,,nan,nan
,,,,,,,,,,,,,,,,,,,,,nan,nan
,,,,,,,,,,,,,,,,,,,,,nan,nan
,,,,,,,,,,,,,,,,,,,,,nan,nan
,,,,,,,,,,,,,,,,,,,,,nan,nan
,,,,,,,,,,,,,,,,,,,,,nan,nan
,,,,,,,,,,,,,,,,,,,,,nan,nan
,,,,,,,,,,,,,,,,,,,,,nan,nan
,,,,,,,,,,,,,,,,,,,,,nan,nan
,,,,,,,,,,,,,,,,,,,,,nan,nan
,,,,,,,,,,,,,,,,,,,,,nan,nan
,,,,,,,,,,,,,,,,,,,,,nan,nan
,,,,,,,,,,,,,,,,,,,,,nan,nan
,,,,,,,,,,,,,,,,,,,,,nan,nan
,,,,,,,,,,,,,,,,,,,,,nan,nan
,,,,,,,,,,,,,,,,,,,,,nan,nan
,,,,,,,,,,,,,,,,,,,,,nan,nan
,,,,,,,,,,,,,,,,,,,,,nan,nan
,,,,,,,,,,,,,,,,,,,,,nan,nan
,,,,,,,,,,,,,,,,,,,,,nan,nan
,,,,,,,,,,,,,,,,,,,,,nan,nan
,,,,,,,,,,,,,,,,,,,,,nan,nan
,,,,,,,,,,,,,,,,,,,,,nan,nan
,,,,,,,,,,,,,,,,,,,,,nan,nan
,,,,,,,,,,,,,,,,,,,,,nan,nan
,,,,,,,,,,,,,,,,,,,,,nan,nan
,,,,,,,,,,,,,,,,,,,,,nan,nan
,,,,,,,,,,,,,,,,,,,,,nan,nan
,,,,,,,,,,,,,,,,,,,,,nan,nan
,,,,,,,,,,,,,,,,,,,,,nan,nan
,,,,,,,,,,,,,,,,,,,,,nan,nan
,,,,,,,,,,,,,,,,,,,,,nan,nan
Mortality rates,,,,,,,,,,,,,,,,,,,,,nan,nan
